,player_name,balls_per_boundary,balls_faced,death_economy,balls_bowled,boundary_pct,economy,strike_rate,runs_scored,wickets_taken,average,dot_ball_pct,bowling_strike_rate
0,DP Hyatt,48.214285714285715,44.0,,0.0,79.8828125,,39.130434782608695,55.24534686971235,19.4585448392555,47.20812182741117,,
1,MN Samuels,83.33333333333334,796.0000000000001,94.1747572815534,359.00000000000006,92.7734375,20.975609756097562,84.31001890359168,94.9238578680203,86.80203045685279,65.65143824027074,24.634146341463413,49.72375690607735
2,VD Philander,,30.0,71.19741100323624,82.0,9.08203125,52.5609756097561,13.23251417769376,36.29441624365482,58.967851099830796,33.756345177664976,86.21951219512195,39.364640883977906
3,SS Cottrell,62.26190476190476,29.0,63.43042071197411,687.0,20.1171875,55.60975609756098,42.53308128544423,39.76311336717428,97.80033840947546,17.428087986463623,84.39024390243902,44.47513812154696
4,Avesh Khan,50.11904761904762,7.0,8.89967637540453,199.0,67.578125,34.756097560975604,85.25519848771268,31.302876480541453,72.7580372250423,51.69204737732657,83.04878048780488,30.939226519337016
5,HF Gurney,,0.0,76.69902912621359,23.0,,69.6341463414634,,6.768189509306261,42.04737732656515,6.768189509306261,51.09756097560976,26.10497237569061
6,SCJ Broad,14.047619047619047,98.0,17.79935275080906,743.0,41.796875,45.36585365853659,53.119092627599244,66.66666666666666,96.36209813874788,56.683587140439926,63.90243902439025,38.12154696132597
7,KH Pandya,47.61904761904761,94.0,85.59870550161813,393.0,59.9609375,58.292682926829265,71.9281663516068,70.72758037225042,79.10321489001691,82.23350253807106,27.073170731707318,11.049723756906078
8,JM Vince,79.52380952380952,197.0,,0.0,79.1015625,,83.93194706994329,80.71065989847716,19.4585448392555,82.40270727580372,,
9,JJ Roy,44.285714285714285,906.0,,0.0,73.828125,,52.74102079395085,96.36209813874788,19.4585448392555,74.61928934010153,,
10,Alok Kapali,,54.0,,12.0,9.08203125,15.121951219512194,8.31758034026465,42.2165820642978,19.4585448392555,30.96446700507614,7.073170731707316,
11,JD Unadkat,,0.0,52.103559870550164,92.0,,31.951219512195124,,6.768189509306261,70.47377326565145,6.768189509306261,58.292682926829265,85.49723756906077
12,R Telemachus,,3.0,37.54045307443366,46.0,9.08203125,31.951219512195124,94.1398865784499,24.703891708967852,42.04737732656515,40.35532994923858,51.09756097560976,4.281767955801105
13,DE Bollinger,,1.0,68.6084142394822,182.0,9.08203125,78.04878048780488,48.20415879017013,15.143824027072759,72.7580372250423,21.912013536379018,84.8780487804878,33.14917127071823
14,Mushfiqur Rahim,1.4285714285714286,599.0,,0.0,29.296875,,23.629489603024574,90.69373942470389,19.4585448392555,58.206429780033844,,
15,SS Iyer,52.85714285714286,582.0000000000001,88.9967637540453,2.0000000000000004,65.625,92.07317073170732,66.351606805293,92.55499153976311,19.4585448392555,76.6497461928934,94.14634146341463,
16,DC Drakes,50.11904761904762,14.0,39.482200647249186,123.0,94.82421875,48.048780487804876,25.80340264650284,31.302876480541453,58.967851099830796,33.50253807106599,36.58536585365854,10.773480662983426
17,Q de Kock,66.19047619047619,1136.0,,0.0,71.09375,,76.55954631379961,98.47715736040608,19.4585448392555,85.95600676818951,,
18,RJ Nicol,45.476190476190474,160.0,95.79288025889967,82.0,66.6015625,54.146341463414636,44.99054820415879,74.11167512690355,62.944162436548226,60.913705583756354,51.09756097560976,56.62983425414365
19,MM Ali,72.14285714285714,470.0,6.148867313915858,531.0,75.78125,46.09756097560976,87.14555765595463,91.20135363790186,92.63959390862944,82.74111675126903,60.0,68.50828729281768
20,YS Chahal,,11.000000000000002,11.974110032362459,1140.0000000000002,9.08203125,56.58536585365853,13.043478260869565,26.22673434856176,98.98477157360406,14.551607445008461,48.292682926829265,57.73480662983425
21,CS Martin,,6.0,,95.0,9.08203125,26.34146341463415,34.12098298676749,24.703891708967852,66.15905245346869,37.39424703891709,48.78048780487805,61.04972375690608
22,KS Williamson,25.952380952380956,1222.0,100.0,94.0,38.671875,4.146341463414634,59.168241965973536,98.30795262267344,62.944162436548226,90.01692047377327,3.414634146341464,79.28176795580112
23,CJ Dala,,3.0,30.74433656957929,72.0,9.08203125,40.853658536585364,22.967863894139885,17.93570219966159,68.52791878172589,29.272419627749578,77.07317073170732,90.33149171270718
24,JC Archer,86.54761904761905,13.0,60.517799352750814,254.0,89.84375,61.951219512195124,87.42911153119093,40.609137055837564,78.00338409475465,68.8663282571912,81.46341463414633,53.31491712707182
25,RG Sharma,80.47619047619048,2129.9999999999995,65.85760517799353,36.99999999999999,90.625,7.804878048780488,77.31568998109641,100.0,19.4585448392555,81.04906937394247,3.6585365853658534,
26,MH Yardy,46.42857142857143,26.0,92.23300970873787,161.0,46.09375,90.2439024390244,6.049149338374291,47.54653130287648,68.52791878172589,23.011844331641285,61.46341463414634,68.23204419889503
27,LE Plunkett,32.142857142857146,27.0,86.08414239482201,304.0,48.046875,71.46341463414633,78.0718336483932,50.0,82.48730964467005,20.135363790186126,84.14634146341463,35.0828729281768
28,CT Tremlett,,0.0,45.79288025889968,23.0,,11.829268292682926,,6.768189509306261,48.984771573604064,6.768189509306261,31.463414634146343,85.49723756906077
29,JC Buttler,88.80952380952381,1388.0,,0.0,82.03125,,93.00567107750473,99.32318104906938,19.4585448392555,95.26226734348562,,
30,AD Russell,91.42857142857143,365.0,47.896440129449836,645.0,96.2890625,32.926829268292686,95.27410207939508,89.34010152284264,93.31641285956007,81.21827411167513,33.90243902439025,33.97790055248619
31,HR Walsh,7.142857142857142,38.0,79.28802588996764,381.0,72.265625,63.90243902439025,24.38563327032136,49.57698815566836,89.59390862944161,52.28426395939086,26.097560975609756,37.84530386740331
32,Nasum Ahmed,83.0952380952381,33.0,,306.0,63.0859375,21.70731707317073,93.57277882797732,50.0,87.90186125211505,46.78510998307953,86.58536585365853,78.1767955801105
33,Al-Amin Hossain,96.19047619047619,5.0,34.95145631067961,257.0,94.82421875,75.85365853658537,4.158790170132325,24.703891708967852,84.85617597292723,14.213197969543149,47.073170731707314,1.9337016574585635
34,V Shankar,81.9047619047619,77.0,24.59546925566343,96.0,89.6484375,36.34146341463415,83.36483931947069,66.15905245346869,66.15905245346869,84.4331641285956,72.1951219512195,77.07182320441989
35,KM Jadhav,39.285714285714285,31.0,,0.0,64.35546875,,48.20415879017013,47.54653130287648,19.4585448392555,64.3824027072758,,
36,DJ Willey,68.80952380952381,119.00000000000001,46.27831715210356,502.00000000000006,86.9140625,45.609756097560975,75.99243856332704,74.61928934010153,94.585448392555,88.3248730964467,75.85365853658537,70.99447513812154
37,DW Steyn,96.19047619047619,14.0,90.61488673139159,652.0,93.9453125,38.53658536585366,93.38374291115312,34.940778341793575,96.36209813874788,38.24027072758037,64.14634146341463,24.585635359116022
38,TG Southee,61.42857142857143,117.00000000000001,68.28478964401295,1590.0000000000002,80.078125,34.390243902439025,51.79584120982986,75.63451776649747,100.0,33.33333333333333,72.92682926829268,83.42541436464089
39,Umran Malik,,0.0,5.501618122977346,22.0,,3.1707317073170733,,6.768189509306261,48.984771573604064,6.768189509306261,15.121951219512194,88.12154696132598
40,SM Harwood,,0.0,66.99029126213593,70.0,,40.243902439024396,,6.768189509306261,58.967851099830796,6.768189509306261,53.170731707317074,29.55801104972376
41,CL White,66.66666666666666,525.0,90.93851132686083,35.0,64.84375,82.68292682926828,75.42533081285444,92.2165820642978,48.984771573604064,97.46192893401016,4.146341463414634,81.353591160221
42,KK Ahmed,,1.0,41.10032362459547,305.0,9.08203125,37.80487804878049,48.20415879017013,15.143824027072759,79.10321489001691,21.912013536379018,62.19512195121951,22.375690607734807
43,DR Tuffey,99.64285714285714,5.0,96.11650485436894,58.0,94.82421875,68.53658536585367,8.601134215500945,24.703891708967852,54.73773265651438,19.627749576988155,79.02439024390245,46.13259668508287
44,SV Samson,48.214285714285715,80.0,,0.0,46.2890625,,77.12665406427222,66.32825719120136,19.4585448392555,94.41624365482234,,
45,WB Rankin,,0.0,,22.0,,67.6829268292683,,6.768189509306261,42.04737732656515,6.768189509306261,98.17073170731707,31.906077348066297
46,Nazmul Islam,23.809523809523807,10.0,99.19093851132686,97.0,61.62109375,64.63414634146342,25.14177693761815,28.08798646362098,58.967851099830796,45.769881556683586,58.292682926829265,18.50828729281768
47,Aftab Ahmed,34.76190476190476,118.0,,2.0,91.40625,0.4878048780487805,32.136105860113425,73.01184433164129,19.4585448392555,56.852791878172596,1.097560975609756,
48,Ravi Bishnoi,,2.0,80.2588996763754,158.0,9.08203125,84.14634146341463,48.20415879017013,17.93570219966159,78.00338409475465,29.272419627749578,97.07317073170731,78.72928176795581
49,SE Marsh,14.761904761904763,187.00000000000003,,0.0,35.9375,,40.07561436672968,77.49576988155668,19.4585448392555,66.49746192893402,,
50,DJM Short,25.71428571428571,325.0,7.443365695792881,41.0,38.28125,49.75609756097561,46.31379962192816,85.44839255499154,48.984771573604064,72.08121827411168,30.73170731707317,64.9171270718232
51,CH Morris,46.19047619047619,74.00000000000001,41.42394822006473,331.00000000000006,99.21875,35.609756097560975,20.03780718336484,61.75972927241963,87.3942470389171,30.456852791878177,62.68292682926829,56.9060773480663
52,JW Wilson,50.11904761904762,14.0,,22.0,40.625,7.317073170731707,74.10207939508507,39.76311336717428,19.4585448392555,70.55837563451777,8.536585365853659,
53,AR Adams,50.11904761904762,7.0,15.210355987055015,46.0,61.62109375,41.829268292682926,48.20415879017013,28.08798646362098,42.04737732656515,45.769881556683586,42.4390243902439,4.281767955801105
54,Shahadat Hossain,,7.0,65.85760517799353,47.0,9.08203125,36.09756097560975,10.396975425330812,24.703891708967852,42.04737732656515,22.84263959390863,88.53658536585365,48.75690607734807
55,NT Broom,53.095238095238095,41.0,,0.0,80.859375,,39.31947069943289,54.39932318104906,19.4585448392555,44.83925549915397,,
56,R Shepherd,64.76190476190476,100.0,23.624595469255663,236.0,83.0078125,20.73170731707317,84.49905482041588,73.01184433164129,80.71065989847716,91.87817258883248,36.58536585365854,60.773480662983424
57,KD Karthik,78.0952380952381,420.0,,0.0,83.7890625,,81.28544423440454,89.59390862944161,19.4585448392555,80.8798646362098,,
58,J Lewis,,5.0,11.326860841423949,41.0,9.08203125,20.243902439024392,7.561436672967864,15.143824027072759,62.944162436548226,21.912013536379018,35.853658536585364,60.22099447513812
59,Mehedi Hasan Miraz,4.523809523809524,98.0,,171.0,28.515625,43.90243902439025,36.86200378071834,68.52791878172589,54.73773265651438,48.90016920473773,23.414634146341466,0.2762430939226519
60,HG Kuhn,,14.0,,0.0,9.08203125,,13.610586011342155,30.287648054145517,19.4585448392555,37.055837563451774,,
61,JL Denly,56.904761904761905,77.0,19.902912621359224,42.0,47.265625,64.39024390243902,72.96786389413988,61.92893401015228,54.73773265651438,66.83587140439933,9.512195121951219,70.1657458563536
62,SE Bond,65.95238095238095,11.0,52.75080906148867,208.0,22.65625,58.536585365853654,50.4725897920605,37.56345177664975,80.71065989847716,25.549915397631136,81.21951219512195,62.98342541436463
63,PP Ojha,,0.0,,42.0,,80.60975609756098,,6.768189509306261,62.944162436548226,6.768189509306261,28.17073170731707,95.99447513812154
64,HC Brook,58.80952380952381,69.0,,0.0,59.5703125,,68.24196597353497,63.113367174280874,19.4585448392555,56.51438240270728,,
65,MS Sinclair,,5.0,,0.0,,,1.7013232514177694,6.768189509306261,19.4585448392555,6.768189509306261,,
66,CH Gayle,69.04761904761905,1234.0,84.46601941747572,314.0,91.9921875,93.41463414634147,63.13799621928167,98.98477157360406,84.26395939086294,67.00507614213198,70.73170731707317,46.408839779005525
67,C Munro,72.38095238095238,878.0000000000001,,60.00000000000001,77.734375,60.48780487804878,75.61436672967864,97.80033840947546,52.45346869712352,92.2165820642978,20.975609756097562,11.602209944751381
68,RK Kleinveldt,,3.0,58.89967637540453,98.0,9.08203125,76.34146341463415,48.20415879017013,20.21996615905245,68.52791878172589,15.313028764805415,85.60975609756098,56.353591160220994
69,TD Astle,,0.0,,30.0,,36.70731707317073,,6.768189509306261,58.967851099830796,6.768189509306261,70.1219512195122,97.65193370165746
70,MM Sharma,,5.0,26.537216828478964,81.0,,29.024390243902438,1.7013232514177694,6.768189509306261,48.984771573604064,6.768189509306261,30.121951219512194,16.574585635359114
71,Anamul Haque,55.952380952380956,115.0,,0.0,59.765625,,59.54631379962193,71.06598984771574,19.4585448392555,54.145516074450086,,
72,D Ganga,39.285714285714285,31.0,,0.0,86.1328125,,35.06616257088847,45.5160744500846,19.4585448392555,83.75634517766497,,
73,Afif Hossain,11.190476190476192,322.0,55.33980582524271,60.0,31.4453125,27.31707317073171,54.82041587901701,83.75634517766497,58.967851099830796,67.34348561759728,21.951219512195124,98.06629834254143
74,AR Patel,67.85714285714286,98.00000000000001,64.07766990291263,443.00000000000006,70.1171875,59.02439024390244,73.34593572778829,70.38917089678512,91.45516074450084,61.42131979695431,75.36585365853658,69.33701657458563
75,Yasir Ali Chowdhury,27.976190476190478,19.0,,0.0,61.62109375,,27.22117202268431,36.29441624365482,19.4585448392555,38.83248730964467,,
76,BJ Rohrer,8.80952380952381,14.0,,0.0,35.546875,,61.247637051039696,38.49407783417936,19.4585448392555,66.07445008460236,,
77,CK Langeveldt,,8.000000000000002,69.90291262135922,144.00000000000003,9.08203125,28.780487804878046,22.495274102079396,23.181049069373945,76.14213197969542,27.918781725888326,62.4390243902439,72.09944751381215
78,RE Levi,89.76190476190476,113.0,,0.0,96.484375,,90.92627599243856,75.97292724196278,19.4585448392555,73.9424703891709,,
79,KV Sharma,,0.0,10.517799352750808,23.0,,74.39024390243902,,6.768189509306261,42.04737732656515,6.768189509306261,66.34146341463415,26.10497237569061
80,KAJ Roach,,2.0,34.627831715210355,158.0,9.08203125,43.65853658536585,89.03591682419659,20.21996615905245,73.85786802030458,18.104906937394247,85.85365853658537,24.30939226519337
81,OC McCoy,53.57142857142857,46.0,41.74757281553398,406.0,79.296875,33.41463414634146,36.48393194706994,51.52284263959391,94.83925549915398,54.653130287648054,68.29268292682927,76.51933701657458
82,RA Jadeja,33.33333333333333,277.0,98.70550161812298,811.0,39.453125,52.19512195121951,68.99810964083176,82.57191201353638,95.76988155668359,89.00169204737732,54.390243902439025,6.353591160220995
83,KA Pollard,41.19047619047619,851.0,74.4336569579288,546.0,50.1953125,71.70731707317073,66.72967863894141,96.1082910321489,91.79357021996616,96.61590524534687,31.21951219512195,13.535911602209943
84,JD Ryder,92.38095238095238,221.00000000000003,91.9093851132686,54.00000000000001,87.3046875,97.5609756097561,96.78638941398866,81.38747884940778,52.45346869712352,83.58714043993231,80.1219512195122,8.011049723756907
85,BA Stokes,4.761904761904762,323.0,22.330097087378643,463.0,28.3203125,62.4390243902439,61.43667296786389,86.97123519458545,88.66328257191202,63.45177664974619,32.4390243902439,34.806629834254146
86,S Dube,64.04761904761904,81.0,8.89967637540453,126.0,82.421875,13.902439024390246,65.78449905482042,67.17428087986464,66.15905245346869,57.360406091370564,16.34146341463415,47.790055248618785
87,BA Parchment,96.19047619047619,6.0,,0.0,99.8046875,,94.1398865784499,31.302876480541453,19.4585448392555,51.69204737732657,,
88,AB de Villiers,77.38095238095238,927.0,,0.0,68.5546875,,90.54820415879017,96.36209813874788,19.4585448392555,95.60067681895093,,
89,JW Dernbach,51.42857142857142,19.0,20.388349514563107,536.0,62.5,16.82926829268293,41.39886578449906,43.31641285956007,95.26226734348562,33.079526226734345,48.048780487804876,12.154696132596685
90,C Jonker,92.85714285714286,25.0,,0.0,78.90625,,97.92060491493385,54.73773265651438,19.4585448392555,96.78510998307954,,
91,TA Blundell,10.238095238095237,72.0,,0.0,31.640625,,29.489603024574667,57.61421319796954,19.4585448392555,60.575296108291035,,
92,CJ Anderson,67.38095238095238,209.00000000000003,56.957928802588995,260.00000000000006,74.4140625,77.3170731707317,92.24952741020795,80.37225042301185,77.49576988155668,92.55499153976311,52.6829268292683,41.988950276243095
93,SJ Harmison,,0.0,,15.0,,95.60975609756098,,6.768189509306261,42.04737732656515,6.768189509306261,98.78048780487805,64.3646408839779
94,ND McKenzie,,8.0,,0.0,9.08203125,,37.61814744801512,28.08798646362098,19.4585448392555,45.769881556683586,,
95,DA Miller,65.0,890.0,,0.0,73.046875,,92.06049149338375,97.12351945854483,19.4585448392555,98.30795262267344,,
96,RP Meredith,,0.0,1.2944983818770228,110.0,,23.170731707317074,,6.768189509306261,70.47377326565145,6.768189509306261,73.53658536585365,71.8232044198895
97,JL Ontong,85.71428571428571,110.0,,24.0,87.6953125,2.682926829268293,87.71266540642722,74.45008460236888,42.04737732656515,73.09644670050761,2.682926829268293,81.353591160221
98,Ziaur Rahman,93.33333333333333,33.0,13.592233009708737,63.0,25.78125,10.731707317073171,35.72778827977316,46.53130287648054,54.73773265651438,39.25549915397631,5.609756097560976,40.607734806629836
99,R McLaren,,13.0,77.99352750809061,185.0,9.08203125,23.414634146341466,9.073724007561438,30.287648054145517,83.50253807106598,23.181049069373945,46.82926829268293,27.348066298342545
100,JN Mohammed,,5.0,,0.0,9.08203125,,19.092627599243855,20.21996615905245,19.4585448392555,32.14890016920474,,
101,Arshdeep Singh,,4.0,70.22653721682848,266.0,9.08203125,53.41463414634147,69.84877126654064,24.703891708967852,89.59390862944161,40.35532994923858,83.04878048780488,87.01657458563537
102,JDP Oram,85.23809523809524,229.00000000000003,50.48543689320388,290.00000000000006,60.7421875,31.463414634146343,89.413988657845,83.41793570219966,71.65820642978004,80.20304568527918,78.78048780487805,9.94475138121547
103,DL Vettori,4.285714285714286,65.00000000000001,96.76375404530745,453.00000000000006,26.953125,68.78048780487805,38.37429111531191,60.74450084602368,90.27072758037224,27.072758037225043,45.1219512195122,1.6574585635359116
104,CJ Ferguson,17.61904761904762,11.0,,0.0,49.4140625,,26.748582230623818,29.272419627749578,19.4585448392555,36.12521150592217,,
105,RJ Gleeson,,4.0,86.73139158576052,89.0,9.08203125,40.853658536585364,15.122873345935728,17.93570219966159,70.47377326565145,24.196277495769884,70.1219512195122,86.74033149171271
106,CV Varun,,0.0,,23.0,,88.78048780487805,,6.768189509306261,19.4585448392555,6.768189509306261,51.09756097560976,
107,GJ Hopkins,82.61904761904762,56.0,,0.0,66.2109375,,91.11531190926276,62.605752961082906,19.4585448392555,70.05076142131979,,
108,M Vijay,86.54761904761905,38.0,,0.0,92.578125,,50.2835538752363,44.41624365482234,19.4585448392555,58.03722504230119,,
109,MS Wade,75.47619047619048,636.0000000000001,,0.0,69.53125,,86.95652173913044,93.23181049069373,19.4585448392555,94.24703891708968,,
110,SC Meaker,,0.0,12.944983818770226,45.0,,30.975609756097562,,6.768189509306261,54.73773265651438,6.768189509306261,55.60975609756098,64.3646408839779
111,DAJ Bracewell,98.57142857142858,65.0,31.715210355987054,218.0,20.3125,60.731707317073166,23.440453686200378,62.605752961082906,80.71065989847716,38.578680203045685,29.51219512195122,98.61878453038673
112,A Symonds,71.9047619047619,158.0,20.711974110032365,155.0,50.5859375,25.365853658536587,95.08506616257088,81.55668358714044,72.7580372250423,100.0,11.219512195121952,5.248618784530387
113,Shamsur Rahman,99.64285714285714,3.0,,0.0,99.8046875,,7.561436672967864,22.25042301184433,19.4585448392555,19.120135363790187,,
114,H Davids,78.69047619047619,105.0,,0.0,77.5390625,,80.52930056710775,73.26565143824027,19.4585448392555,96.44670050761421,,
115,M Jansen,30.238095238095237,18.0,,23.0,97.0703125,25.853658536585368,22.967863894139885,33.92554991539763,42.04737732656515,55.752961082910325,66.34146341463415,26.10497237569061
116,DJ Bravo,34.523809523809526,595.0,87.37864077669903,930.0,56.0546875,70.0,60.86956521739131,92.04737732656514,98.64636209813875,63.95939086294417,31.951219512195124,59.94475138121547
117,YK Pathan,27.61904761904762,109.0,40.45307443365696,195.0,52.734375,47.3170731707317,56.52173913043478,73.60406091370558,70.47377326565145,26.903553299492383,44.87804878048781,41.43646408839779
118,DJ Hooda,57.85714285714286,84.0,98.05825242718447,35.0,55.859375,99.26829268292683,77.7882797731569,69.03553299492386,58.967851099830796,78.84940778341793,95.73170731707317,94.88950276243095
119,MK Tiwary,,17.0,,0.0,9.08203125,,37.61814744801512,37.56345177664975,19.4585448392555,62.69035532994924,,
120,KA Maharaj,58.0952380952381,53.0,53.398058252427184,337.0,83.59375,62.19512195121951,45.93572778827977,57.61421319796954,82.48730964467005,68.02030456852792,45.36585365853659,37.569060773480665
121,WW Hinds,5.952380952380952,34.0,,0.0,32.2265625,,24.95274102079395,45.26226734348562,19.4585448392555,43.65482233502538,,
122,XJ Doherty,30.238095238095237,9.0,36.407766990291265,137.0,30.56640625,48.292682926829265,78.92249527410208,33.92554991539763,66.15905245346869,25.888324873096447,49.146341463414636,51.38121546961326
123,JA Morkel,44.761904761904766,351.00000000000006,16.828478964401295,436.00000000000006,54.6875,98.78048780487805,90.73724007561437,88.15566835871405,90.27072758037224,26.22673434856176,94.6341463414634,91.16022099447514
124,TS Mills,23.809523809523807,12.0,33.33333333333333,214.0,91.11328125,16.097560975609756,31.190926275992435,29.272419627749578,79.10321489001691,46.78510998307953,29.024390243902438,27.624309392265197
125,JAH Marshall,71.30952380952381,11.0,,0.0,71.6796875,,64.55576559546313,34.940778341793575,19.4585448392555,58.71404399323181,,
126,MC Henriques,25.476190476190474,237.00000000000003,45.79288025889968,76.00000000000001,43.359375,96.09756097560975,58.22306238185255,81.89509306260575,67.59729272419628,64.63620981387479,45.609756097560975,91.4364640883978
127,TD Paine,41.66666666666667,28.0,,0.0,67.1875,,60.30245746691871,51.52284263959391,19.4585448392555,69.37394247038917,,
128,R Vinay Kumar,,4.0,87.05501618122977,122.0,9.08203125,86.34146341463415,15.122873345935728,17.93570219966159,66.15905245346869,15.059221658206429,62.926829268292686,93.0939226519337
129,Mahmudullah,31.666666666666664,942.0,5.177993527508091,276.0,60.15625,1.707317073170732,43.85633270321361,95.09306260575296,76.73434856175973,62.2673434856176,3.1707317073170733,9.668508287292818
130,JS Patel,30.238095238095237,14.0,98.38187702265373,165.0,25.5859375,31.21951219512195,43.10018903591683,30.287648054145517,82.48730964467005,39.08629441624365,18.048780487804876,87.29281767955801
131,MS Dhoni,35.23809523809524,1015.0,,0.0,50.9765625,,61.05860113421549,96.61590524534687,19.4585448392555,95.43147208121827,,
132,OA Shah,29.28571428571429,248.0,,0.0,51.953125,,51.98487712665406,82.23350253807106,19.4585448392555,74.78849407783417,,
133,ME Trescothick,42.023809523809526,38.0,,0.0,47.4609375,,56.805293005671075,52.70727580372251,19.4585448392555,93.90862944162437,,
134,MJ Santner,10.714285714285714,227.0,25.88996763754045,1027.0,34.765625,86.82926829268293,45.746691871455575,80.20304568527918,99.15397631133672,55.32994923857868,74.39024390243902,63.812154696132595
135,L Ngidi,,20.0,33.00970873786408,452.0,9.08203125,32.4390243902439,10.964083175803403,26.73434856175973,97.12351945854483,37.90186125211506,74.63414634146342,92.5414364640884
136,P Mustard,88.21428571428571,38.0,,0.0,89.2578125,,91.77693761814744,58.967851099830796,19.4585448392555,87.1404399323181,,
137,JJ Bumrah,13.333333333333334,14.0,38.83495145631068,813.0,49.4140625,49.51219512195122,19.659735349716446,29.272419627749578,98.30795262267344,13.536379018612521,47.3170731707317,52.48618784530387
138,Mosaddek Hossain,25.238095238095237,101.0,1.9417475728155338,117.0,45.3125,60.0,53.875236294896034,65.31302876480541,54.73773265651438,53.97631133671743,35.36585365853659,2.209944751381215
139,Mohammad Mithun,22.142857142857142,83.0,,0.0,22.0703125,,21.73913043478261,60.06768189509306,19.4585448392555,39.424703891708965,,
140,L Balaji,,0.0,40.1294498381877,51.0,,31.951219512195124,,6.768189509306261,58.967851099830796,6.768189509306261,42.4390243902439,75.96685082872928
141,NJ Maddinson,98.80952380952381,22.0,,0.0,25.1953125,,32.70321361058601,51.52284263959391,19.4585448392555,45.769881556683586,,
142,LJ Wright,43.333333333333336,385.0,38.51132686084142,254.0,81.4453125,10.0,35.53875236294896,88.3248730964467,82.48730964467005,47.54653130287648,14.146341463414632,91.71270718232044
143,AM Phangiso,,10.000000000000002,37.54045307443366,260.00000000000006,9.08203125,85.85365853658537,29.111531190926275,27.241962774957702,83.07952622673434,15.5668358714044,19.75609756097561,65.74585635359117
144,H Klaasen,63.57142857142857,277.0,,6.0,71.2890625,5.731707317073171,86.38941398865785,85.78680203045685,19.4585448392555,86.12521150592217,42.4390243902439,
145,Mohammad Saifuddin,20.952380952380953,124.0,47.57281553398058,247.0,21.875,41.21951219512195,20.415879017013232,69.79695431472082,79.10321489001691,37.22504230118444,72.4390243902439,76.24309392265194
146,S Mahmood,6.428571428571428,23.0,16.181229773462782,113.0,32.6171875,19.75609756097561,30.245746691871457,40.609137055837564,54.73773265651438,42.8087986463621,46.09756097560976,42.5414364640884
147,SM Katich,91.9047619047619,48.0,,0.0,90.234375,,93.19470699432893,60.49069373942471,19.4585448392555,93.06260575296108,,
148,L Sipamla,,0.0,6.796116504854369,16.0,,2.4390243902439024,,6.768189509306261,19.4585448392555,6.768189509306261,4.7560975609756095,
149,AK Kitchen,84.16666666666667,13.0,,30.0,62.890625,56.34146341463414,99.4328922495274,43.31641285956007,42.04737732656515,52.45346869712352,90.73170731707317,19.88950276243094
150,A Shahzad,,3.0,28.155339805825243,42.0,,56.09756097560976,1.7013232514177694,6.768189509306261,42.04737732656515,6.768189509306261,61.829268292682926,6.077348066298343
151,DR Sams,68.0952380952381,47.0,43.689320388349515,135.0,68.9453125,20.48780487804878,89.60302457466919,63.45177664974619,70.47377326565145,89.84771573604061,44.63414634146341,51.93370165745856
152,D Bishoo,1.6666666666666667,25.0,62.45954692556634,91.0,33.7890625,68.29268292682927,12.287334593572778,32.82571912013537,58.967851099830796,51.18443316412859,46.58536585365854,34.530386740331494
153,CAK Walton,46.904761904761905,49.0,,0.0,72.65625,,41.58790170132325,54.39932318104906,19.4585448392555,50.42301184433165,,
154,LS Livingstone,52.61904761904762,161.0,,176.0,64.6484375,24.390243902439025,71.64461247637051,77.32656514382403,75.29610829103216,63.113367174280874,44.390243902439025,34.25414364640884
155,I Sharma,,6.0,43.36569579288026,135.0,9.08203125,9.512195121951219,15.122873345935728,20.21996615905245,54.73773265651438,15.313028764805415,10.24390243902439,8.287292817679557
156,WD Parnell,6.190476190476191,145.0,39.80582524271845,647.0,39.0625,54.87804878048781,51.22873345935728,72.7580372250423,95.26226734348562,79.52622673434855,83.65853658536585,17.403314917127073
157,AN Cook,76.42857142857142,55.0,,0.0,78.3203125,,66.91871455576559,59.22165820642979,19.4585448392555,70.21996615905245,,
158,JM Anderson,,2.0,61.81229773462783,348.0,9.08203125,73.17073170731707,3.780718336483932,15.143824027072759,82.48730964467005,14.720812182741117,61.21951219512195,9.116022099447514
159,CD McMillan,73.33333333333333,108.0,,0.0,73.4375,,96.21928166351607,75.80372250423012,19.4585448392555,98.81556683587141,,
160,A Nehra,,9.0,46.92556634304207,370.0,,57.80487804878048,1.7013232514177694,6.768189509306261,88.66328257191202,6.768189509306261,60.731707317073166,15.745856353591158
161,ST Finn,23.809523809523807,16.000000000000004,48.22006472491909,344.00000000000006,21.2890625,50.24390243902439,33.364839319470704,35.6175972927242,89.17089678510999,16.243654822335024,58.78048780487804,5.524861878453039
162,JR Hopes,10.476190476190476,63.0,5.825242718446602,201.0,27.9296875,63.170731707317074,71.45557655954632,60.49069373942471,75.29610829103216,80.5414551607445,32.19512195121951,37.29281767955801
163,B Geeves,,0.0,1.9417475728155338,20.0,,22.317073170731707,,6.768189509306261,48.984771573604064,6.768189509306261,51.09756097560976,90.88397790055248
164,GF Linde,11.428571428571429,43.0,,166.0,42.7734375,70.48780487804878,26.18147448015123,55.24534686971235,70.47377326565145,36.88663282571912,68.78048780487805,50.82872928176796
165,BJ Diamanti,,0.0,,11.0,,19.26829268292683,,6.768189509306261,19.4585448392555,6.768189509306261,8.536585365853659,
166,MG Bracewell,50.11904761904762,7.0,,84.0,61.62109375,92.92682926829269,48.20415879017013,28.08798646362098,70.47377326565145,45.769881556683586,89.8780487804878,89.77900552486187
167,SI Mahmood,,1.0,75.08090614886731,42.0,9.08203125,7.073170731707316,48.20415879017013,15.143824027072759,48.984771573604064,24.196277495769884,33.170731707317074,35.773480662983424
168,JJ van der Wath,15.0,40.0,68.93203883495146,163.0,34.5703125,63.65853658536585,43.667296786389414,53.63790186125211,72.7580372250423,55.16074450084603,53.41463414634147,51.10497237569061
169,GD McGrath,,12.0,48.86731391585761,48.0,9.08203125,29.268292682926827,11.531190926275993,24.703891708967852,62.944162436548226,40.35532994923858,33.170731707317074,91.9889502762431
170,DE Bernard,,1.0,99.19093851132686,22.0,9.08203125,95.85365853658536,48.20415879017013,15.143824027072759,42.04737732656515,24.196277495769884,98.17073170731707,31.906077348066297
171,DP Nannes,,0.0,78.31715210355988,156.0,,78.29268292682927,,6.768189509306261,79.10321489001691,6.768189509306261,91.21951219512195,86.46408839779005
172,A Khan,,4.0,55.33980582524271,24.0,9.08203125,55.365853658536594,15.122873345935728,17.93570219966159,48.984771573604064,29.272419627749578,77.07317073170732,81.353591160221
173,AU Rashid,21.428571428571427,98.00000000000001,44.66019417475729,1261.0000000000002,36.1328125,69.26829268292683,40.26465028355388,61.16751269035533,99.49238578680203,41.455160744500844,34.146341463414636,33.42541436464088
174,HH Dippenaar,,5.0,,0.0,9.08203125,,7.561436672967864,15.143824027072759,19.4585448392555,24.196277495769884,,
175,Joginder Sharma,,0.0,37.54045307443366,64.0,,14.878048780487804,,6.768189509306261,48.984771573604064,6.768189509306261,22.682926829268293,10.220994475138122
176,SP Narine,52.38095238095239,47.00000000000001,77.02265372168284,564.0000000000001,19.921875,92.4390243902439,11.342155009451796,50.42301184433165,92.2165820642978,30.287648054145517,67.8048780487805,7.734806629834254
177,MG Johnson,31.19047619047619,35.00000000000001,14.239482200647249,373.00000000000006,18.75,47.5609756097561,20.982986767485823,49.23857868020304,93.90862944162437,31.1336717428088,94.8780487804878,27.071823204419886
178,ACL Richards,5.357142857142857,17.0,,0.0,37.3046875,,18.147448015122876,31.302876480541453,19.4585448392555,51.69204737732657,,
179,BM Tickner,,18.0,66.34304207119742,125.0,9.08203125,72.92682926829268,11.909262759924385,31.302876480541453,62.944162436548226,38.40947546531303,34.63414634146341,42.26519337016575
180,DO Christian,,2.0,,0.0,,,1.7013232514177694,6.768189509306261,19.4585448392555,6.768189509306261,,
181,PD Salt,88.21428571428571,38.0,,0.0,83.203125,,96.59735349716446,60.06768189509306,19.4585448392555,68.44331641285956,,
182,Junaid Siddique,85.47619047619047,30.0,,0.0,84.9609375,,94.7069943289225,55.24534686971235,19.4585448392555,76.98815566835871,,
183,BM Wheeler,62.26190476190476,8.0,0.3236245954692557,104.0,23.2421875,1.951219512195122,17.296786389413988,28.08798646362098,62.944162436548226,26.73434856175973,16.097560975609756,54.28176795580111
184,Kuldeep Yadav,97.61904761904762,22.0,17.15210355987055,311.0,98.828125,99.02439024390245,100.0,41.20135363790186,90.77834179357022,16.07445008460237,99.26829268292683,96.40883977900553
185,MR Gillespie,,30.0,44.983818770226534,138.0,9.08203125,87.3170731707317,19.092627599243855,39.76311336717428,68.52791878172589,21.912013536379018,91.70731707317074,57.182320441988956
186,SD Parry,,0.0,,36.0,,59.512195121951216,,6.768189509306261,19.4585448392555,6.768189509306261,13.658536585365855,
187,MJ Prior,26.42857142857143,91.0,,0.0,38.4765625,,51.417769376181475,67.59729272419628,19.4585448392555,54.483925549915405,,
188,TR Birt,22.857142857142858,32.0,,0.0,66.015625,,35.34971644612476,46.954314720812185,19.4585448392555,67.17428087986464,,
189,GH Bodi,,28.0,,0.0,9.08203125,,9.262759924385634,29.272419627749578,19.4585448392555,47.71573604060914,,
190,PG Fulton,55.23809523809524,82.00000000000001,,0.0,96.09375,,21.17202268431002,58.03722504230119,19.4585448392555,48.223350253807105,,
191,G Gambhir,40.23809523809524,564.0000000000001,,0.0,52.5390625,,52.36294896030246,90.18612521150592,19.4585448392555,87.64805414551607,,
192,RJ Harris,,1.0,44.01294498381877,70.0,9.08203125,61.09756097560975,98.20415879017014,17.93570219966159,58.967851099830796,29.272419627749578,70.1219512195122,52.20994475138122
193,SM Boland,,0.0,24.59546925566343,41.0,,34.146341463414636,,6.768189509306261,19.4585448392555,6.768189509306261,22.682926829268293,
194,ML Lewis,,0.0,77.34627831715211,44.0,,84.8780487804878,,6.768189509306261,58.967851099830796,6.768189509306261,73.53658536585365,88.12154696132598
195,GHS Garton,,4.0,7.443365695792881,24.0,9.08203125,5.365853658536586,15.122873345935728,17.93570219966159,42.04737732656515,29.272419627749578,28.17073170731707,19.88950276243094
196,Munim Shahriar,,3.0,,0.0,9.08203125,,22.967863894139885,17.93570219966159,19.4585448392555,29.272419627749578,,
197,JA Duffy,,5.0,96.44012944983818,53.0,9.08203125,96.82926829268293,19.092627599243855,20.21996615905245,42.04737732656515,32.14890016920474,95.73170731707317,2.4861878453038675
198,Hasan Mahmud,,3.0,72.49190938511327,71.0,9.08203125,39.51219512195122,9.640831758034027,15.143824027072759,62.944162436548226,24.196277495769884,61.829268292682926,69.88950276243095
199,HK Bennett,,2.0,78.64077669902912,210.0,9.08203125,66.82926829268293,15.122873345935728,15.143824027072759,73.85786802030458,17.089678510998308,39.390243902439025,40.331491712707184
200,AB Agarkar,,2.0,21.35922330097087,39.0,9.08203125,36.70731707317073,15.122873345935728,15.143824027072759,48.984771573604064,21.912013536379018,58.292682926829265,97.65193370165746
201,JD Campbell,36.30952380952381,16.0,,6.0,88.671875,100.0,24.574669187145556,32.82571912013537,19.4585448392555,41.878172588832484,100.0,
202,S Kaul,,0.0,11.003236245954692,45.0,,12.682926829268293,,6.768189509306261,58.967851099830796,6.768189509306261,24.268292682926827,38.950276243093924
203,Mahedi Hasan,68.57142857142857,130.0,23.300970873786408,355.0,76.953125,85.1219512195122,64.08317580340265,71.57360406091371,84.26395939086294,44.33164128595601,87.3170731707317,24.861878453038674
204,NJ Astle,43.57142857142857,18.0,,23.0,91.796875,95.36585365853658,26.748582230623818,37.56345177664975,54.73773265651438,41.878172588832484,79.51219512195122,97.23756906077348
205,IE O'Brien,,0.0,42.07119741100323,71.0,,54.63414634146342,,6.768189509306261,66.15905245346869,6.768189509306261,66.34146341463415,84.11602209944752
206,V Kohli,61.904761904761905,2087.0,12.62135922330097,96.0,63.671875,44.146341463414636,72.2117202268431,99.83079526226734,58.967851099830796,92.72419627749578,69.51219512195121,90.60773480662984
207,DP Conway,57.14285714285714,632.0,,0.0,54.296875,,78.63894139886578,93.90862944162437,19.4585448392555,98.64636209813875,,
208,RS Morton,10.0,105.0,,0.0,30.859375,,40.831758034026464,64.80541455160744,19.4585448392555,73.77326565143824,,
209,HM Nicholls,12.619047619047619,107.0,,0.0,33.3984375,,41.965973534971646,64.80541455160744,19.4585448392555,71.74280879864637,,
210,DC Thomas,34.285714285714285,50.0,,0.0,61.62109375,,45.36862003780718,54.73773265651438,19.4585448392555,50.930626057529615,,
211,GJ Maxwell,22.380952380952383,935.0,29.61165048543689,539.0,57.421875,58.048780487804876,36.29489603024575,97.46192893401016,87.90186125211505,47.88494077834179,5.121951219512195,37.01657458563536
212,HD Rutherford,80.23809523809524,102.0,,0.0,85.546875,,86.67296786389413,73.77326565143824,19.4585448392555,86.29441624365482,,
213,O Thomas,90.71428571428571,11.0,32.038834951456316,283.0,99.8046875,5.121951219512195,5.482041587901701,29.272419627749578,79.10321489001691,14.04399323181049,63.41463414634146,25.13812154696133
214,AJ Finch,55.00000000000001,1460.0,,0.0,59.375,,63.70510396975425,99.49238578680203,19.4585448392555,74.95769881556683,,
215,N Boje,,0.0,,22.0,,67.6829268292683,,6.768189509306261,42.04737732656515,6.768189509306261,36.58536585365854,31.906077348066297
216,K Sinclair,,1.0,,53.0,,57.073170731707314,1.7013232514177694,6.768189509306261,48.984771573604064,6.768189509306261,25.24390243902439,15.05524861878453
217,GE Mathurin,,5.0,,56.0,9.08203125,41.46341463414634,31.568998109640834,22.25042301184433,62.944162436548226,34.01015228426396,49.146341463414636,56.07734806629834
218,NL McCullum,89.52380952380953,137.0,93.52750809061489,647.0,25.390625,97.07317073170731,4.725897920604915,70.89678510998309,93.65482233502537,18.781725888324875,91.46341463414635,77.62430939226519
219,MA Starc,18.80952380952381,90.0,60.84142394822006,775.0,20.703125,50.97560975609756,42.15500945179584,63.70558375634518,97.12351945854483,52.62267343485617,57.56097560975609,58.011049723756905
220,Mohammed Siraj,50.11904761904762,7.0,65.0485436893204,141.0,94.82421875,70.24390243902438,25.80340264650284,24.703891708967852,72.7580372250423,37.64805414551608,81.70731707317073,75.69060773480662
221,S Chanderpaul,27.142857142857142,282.00000000000006,,0.0,48.2421875,,42.911153119092624,82.06429780033841,19.4585448392555,86.97123519458545,,
222,A Martin,,0.0,,18.0,,86.09756097560975,,6.768189509306261,42.04737732656515,6.768189509306261,66.34146341463415,48.75690607734807
223,PA Hitchcock,71.30952380952381,11.0,18.932038834951456,18.0,92.3828125,4.878048780487805,64.55576559546313,34.940778341793575,48.984771573604064,58.71404399323181,25.24390243902439,93.92265193370166
224,BR McDermott,3.0952380952380953,123.0,,0.0,31.0546875,,32.32514177693761,66.66666666666666,19.4585448392555,60.06768189509306,,
225,NT Ellis,,9.0,87.70226537216828,95.0,9.08203125,88.53658536585365,3.9697542533081283,15.143824027072759,76.73434856175973,17.089678510998308,64.63414634146342,96.96132596685084
226,PR Brown,,9.0,81.3915857605178,75.0,9.08203125,22.682926829268293,12.665406427221171,22.25042301184433,54.73773265651438,36.12521150592217,15.121951219512194,17.955801104972377
227,CA Lynn,73.57142857142858,178.0,,0.0,85.9375,,76.37051039697542,79.69543147208121,19.4585448392555,75.29610829103216,,
228,Ebadat Hossain,,0.0,12.297734627831716,22.0,,15.365853658536585,,6.768189509306261,48.984771573604064,6.768189509306261,22.682926829268293,88.12154696132598
229,JP Duminy,45.0,1024.0,13.915857605177994,345.0,48.6328125,74.8780487804878,81.66351606805293,96.78510998307954,79.10321489001691,98.13874788494078,20.0,13.812154696132598
230,Shakib Al Hasan,57.38095238095238,840.0000000000001,74.11003236245955,1045.0000000000002,56.25,39.268292682926834,73.72400756143668,94.585448392555,98.81556683587141,89.34010152284264,30.48780487804878,43.646408839779006
231,KOK Williams,90.71428571428571,15.0,11.650485436893204,219.0,92.1875,2.9268292682926833,92.43856332703214,39.76311336717428,83.50253807106598,25.719120135363788,19.51219512195122,74.86187845303867
232,Imran Tahir,,0.0,99.67637540453075,448.0,,26.585365853658537,,6.768189509306261,94.331641285956,6.768189509306261,49.75609756097561,89.50276243093923
233,SN Thakur,82.85714285714286,31.0,88.02588996763754,395.0,92.96875,55.85365853658537,62.75992438563327,53.97631133671743,91.20135363790186,20.98138747884941,90.97560975609757,78.45303867403315
234,BW Hilfenhaus,,1.0,83.1715210355987,108.0,,74.63414634146342,1.7013232514177694,6.768189509306261,68.52791878172589,6.768189509306261,77.8048780487805,60.49723756906077
235,RP Singh,,3.0,91.2621359223301,143.0,9.08203125,83.17073170731707,48.20415879017013,20.21996615905245,80.71065989847716,28.341793570219963,93.04878048780488,69.06077348066299
236,LA Dawson,18.571428571428573,20.0,,125.0,86.328125,94.39024390243902,29.300567107750474,44.41624365482234,48.984771573604064,34.34856175972927,94.39024390243902,6.629834254143646
237,GJ Batty,,7.0,,18.0,9.08203125,94.14634146341463,17.958412098298677,22.25042301184433,19.4585448392555,36.12521150592217,93.04878048780488,
238,BE Hendricks,13.333333333333334,13.0,9.70873786407767,196.0,49.4140625,8.780487804878048,3.402646502835539,33.92554991539763,76.73434856175973,14.890016920473773,21.70731707317073,13.259668508287293
239,RD Chahar,,0.0,75.08090614886731,57.0,,22.926829268292686,,6.768189509306261,54.73773265651438,6.768189509306261,17.317073170731707,41.71270718232044
240,GO Jones,93.33333333333333,14.0,,0.0,97.36328125,,80.52930056710775,40.609137055837564,19.4585448392555,73.51945854483925,,
241,MEK Hussey,47.38095238095238,296.00000000000006,,5.000000000000001,50.390625,79.51219512195122,75.23629489603024,85.95600676818951,19.4585448392555,99.49238578680203,1.097560975609756,
242,AC Gilchrist,47.14285714285714,154.0,,0.0,60.546875,,62.948960302457465,78.42639593908629,19.4585448392555,83.41793570219966,,
243,S Badree,1.1904761904761905,44.00000000000001,55.33980582524271,539.0000000000001,18.5546875,35.36585365853659,12.476370510396976,42.63959390862944,90.27072758037224,31.472081218274113,59.02439024390244,0.5524861878453038
244,MS Crane,,0.0,,48.0,,72.3170731707317,,6.768189509306261,42.04737732656515,6.768189509306261,42.4390243902439,3.867403314917127
245,FA Allen,46.666666666666664,165.00000000000003,72.168284789644,446.00000000000006,69.140625,43.170731707317074,64.27221172022685,79.52622673434855,86.80203045685279,53.63790186125211,40.0,45.30386740331492
246,T Natarajan,,0.0,63.75404530744336,95.0,,27.073170731707318,,6.768189509306261,72.7580372250423,6.768189509306261,21.463414634146343,85.91160220994475
247,VS Solanki,70.23809523809523,61.0,,0.0,69.921875,,71.07750472589792,61.42131979695431,19.4585448392555,88.15566835871405,,
248,AB Dinda,,0.0,57.60517799352751,50.0,,18.048780487804876,,6.768189509306261,58.967851099830796,6.768189509306261,36.58536585365854,77.34806629834254
249,TH David,82.38095238095238,106.0,,0.0,83.984375,,91.77693761814744,75.38071065989847,19.4585448392555,76.14213197969542,,
250,GC Tonge,,0.0,,24.0,,89.02439024390245,,6.768189509306261,42.04737732656515,6.768189509306261,86.21951219512195,19.88950276243094
251,AC Voges,30.952380952380953,87.0,,12.0,36.328125,99.51219512195122,85.44423440453687,69.54314720812182,48.984771573604064,96.95431472081218,97.6829268292683,99.30939226519338
252,RN Lewis,,4.0,,6.0,,44.63414634146341,1.7013232514177694,6.768189509306261,19.4585448392555,6.768189509306261,42.4390243902439,
253,MP Stoinis,73.80952380952381,331.0,44.336569579288025,233.0,76.5625,21.951219512195124,88.27977315689981,86.46362098138748,75.29610829103216,83.24873096446701,11.463414634146343,55.52486187845304
254,RJ Sidebottom,90.71428571428571,4.0,64.72491909385113,214.0,94.82421875,53.90243902439025,69.84877126654064,24.703891708967852,84.85617597292723,15.736040609137056,65.60975609756098,76.79558011049724
255,CJ Boyce,,7.0,,114.0,9.08203125,57.56097560975609,16.6351606805293,22.25042301184433,66.15905245346869,30.79526226734349,25.853658536585368,36.74033149171271
256,S Aravind,,0.0,18.932038834951456,22.0,,11.829268292682926,,6.768189509306261,42.04737732656515,6.768189509306261,8.536585365853659,31.906077348066297
257,Abdur Razzak,,20.0,14.563106796116504,202.0,9.08203125,61.46341463414634,3.5916824196597354,26.73434856175973,80.71065989847716,13.874788494077833,71.70731707317073,75.41436464088397
258,T Banton,64.52380952380953,136.0,,0.0,84.765625,,85.06616257088847,76.48054145516075,19.4585448392555,79.69543147208121,,
259,SR Watson,70.0,745.0,65.37216828478964,637.0,74.21875,65.85365853658537,81.85255198487712,95.34686971235195,97.12351945854483,93.57021996615906,54.87804878048781,66.29834254143645
260,IG Butler,,1.0,35.92233009708738,155.0,9.08203125,28.536585365853657,48.20415879017013,15.143824027072759,76.73434856175973,21.912013536379018,67.31707317073172,69.61325966850829
261,L Vincent,11.666666666666666,119.0,,0.0,37.890625,,33.0812854442344,67.17428087986464,19.4585448392555,64.80541455160744,,
262,Shuvagata Hom,50.11904761904762,28.0,,47.0,72.8515625,83.41463414634146,53.30812854442344,46.53130287648054,48.984771573604064,85.53299492385787,55.60975609756098,23.066298342541437
263,Saqlain Sajib,,0.0,55.33980582524271,21.0,,15.609756097560975,,6.768189509306261,19.4585448392555,6.768189509306261,16.585365853658537,
264,BJ Haddin,53.80952380952381,219.00000000000003,,0.0,63.4765625,,69.37618147448015,81.04906937394247,19.4585448392555,81.38747884940778,,
265,Mashrafe Mortaza,16.666666666666664,82.00000000000001,66.66666666666666,380.00000000000006,23.828125,23.65853658536585,11.153119092627598,65.65143824027074,71.65820642978004,26.057529610829107,15.853658536585366,10.497237569060774
266,Naeem Islam,94.52380952380952,90.00000000000001,94.8220064724919,65.00000000000001,99.0234375,93.17073170731707,95.84120982986768,68.8663282571912,56.93739424703892,69.03553299492386,76.09756097560975,21.2707182320442
267,SW Billings,43.095238095238095,263.0,,0.0,44.7265625,,78.44990548204159,83.07952622673434,19.4585448392555,72.92724196277496,,
268,Harbhajan Singh,91.66666666666666,86.0,73.46278317152104,441.0,23.6328125,96.34146341463415,5.8601134215500945,65.31302876480541,88.66328257191202,17.93570219966159,95.1219512195122,92.81767955801105
269,BR Dunk,33.80952380952381,34.0,,0.0,43.1640625,,61.90926275992439,52.115059221658214,19.4585448392555,58.71404399323181,,
270,D Paterson,100.0,2.0,43.042071197411005,129.0,25.9765625,12.926829268292684,74.95274102079395,24.703891708967852,68.52791878172589,26.39593908629442,8.048780487804878,85.0828729281768
271,KL Rahul,63.33333333333333,1092.0,,0.0,82.2265625,,70.13232514177695,98.13874788494078,19.4585448392555,89.67851099830794,,
272,KP Pietersen,81.66666666666667,455.00000000000006,55.33980582524271,29.000000000000004,81.640625,54.390243902439025,86.20037807183365,90.86294416243655,45.5160744500846,85.78680203045685,91.95121951219512,54.28176795580111
273,DR Martyn,79.28571428571428,77.0,,0.0,71.484375,,91.49338374291115,70.55837563451777,19.4585448392555,97.12351945854483,,
274,MR Marsh,63.8095238095238,746.0,46.601941747572816,220.0,71.875,81.70731707317073,76.74858223062382,94.24703891708968,79.10321489001691,77.834179357022,78.53658536585367,74.03314917127072
275,N Pooran,60.0,880.0000000000001,,0.0,75.0,,70.32136105860114,95.76988155668359,19.4585448392555,88.66328257191202,,
276,NM Lyon,,0.0,,6.0,,3.6585365853658534,,6.768189509306261,19.4585448392555,6.768189509306261,1.097560975609756,
277,JT Ball,,0.0,8.090614886731391,41.0,,8.536585365853659,,6.768189509306261,48.984771573604064,6.768189509306261,6.097560975609756,39.364640883977906
278,AD Hales,88.57142857142857,1164.0,,0.0,89.0625,,89.79206049149339,98.64636209813875,19.4585448392555,97.63113367174282,,
279,AS Joseph,11.904761904761903,37.0,90.29126213592234,160.0,45.703125,51.951219512195124,30.434782608695656,46.53130287648054,75.29610829103216,85.53299492385787,51.09756097560976,67.67955801104972
280,MJ McClenaghan,94.76190476190476,15.000000000000002,95.14563106796116,346.00000000000006,97.65625,83.90243902439025,98.67674858223062,36.88663282571912,87.3942470389171,43.31641285956007,67.07317073170732,89.22651933701657
281,A Flintoff,74.88095238095238,48.0,62.944983818770226,129.0,55.6640625,84.6341463414634,78.26086956521739,59.475465313028764,62.944162436548226,59.390862944162436,80.97560975609757,28.7292817679558
282,IS Sodhi,15.476190476190476,73.00000000000001,22.653721682847898,1159.0000000000002,32.421875,60.24390243902439,54.25330812854442,60.913705583756354,99.66159052453469,43.14720812182741,40.487804878048784,33.70165745856354
283,GJP Kruger,,5.0,,22.0,9.08203125,39.75609756097561,19.092627599243855,20.21996615905245,19.4585448392555,32.14890016920474,15.121951219512194,
284,DBL Powell,,1.0,18.932038834951456,98.0,9.08203125,52.5609756097561,48.20415879017013,15.143824027072759,48.984771573604064,24.196277495769884,95.73170731707317,3.314917127071823
285,DJ Malan,74.52380952380952,942.0000000000001,18.932038834951456,12.000000000000002,74.0234375,6.585365853658537,84.68809073724007,97.63113367174282,45.5160744500846,92.04737732656514,7.073170731707316,81.353591160221
286,SD Hope,19.047619047619047,174.0,,0.0,47.0703125,,30.056710775047257,79.01861252115059,19.4585448392555,48.39255499153977,,
287,DR Briggs,,0.0,2.5889967637540456,106.0,,8.048780487804878,,6.768189509306261,62.944162436548226,6.768189509306261,9.268292682926829,67.40331491712708
288,AJ Tye,20.714285714285715,54.00000000000001,73.13915857605178,416.00000000000006,42.578125,73.41463414634146,54.44234404536862,58.206429780033844,92.97800338409475,52.115059221658214,78.29268292682927,84.80662983425414
289,OF Smith,61.1904761904762,73.0,67.96116504854369,252.0,70.3125,30.0,74.95274102079395,64.3824027072758,83.50253807106598,55.499153976311334,51.09756097560976,66.85082872928176
290,ML Hayden,87.38095238095238,172.0,,0.0,90.0390625,,84.87712665406427,79.86463620981388,19.4585448392555,99.15397631133672,,
291,Raqibul Hasan,59.285714285714285,43.0,,0.0,87.890625,,76.18147448015122,51.52284263959391,19.4585448392555,68.18950930626058,,
292,M Mosehle,80.0,39.0,,0.0,91.11328125,,86.01134215500946,57.61421319796954,19.4585448392555,71.91201353637902,,
293,PWA Mulder,30.238095238095237,9.0,55.33980582524271,24.0,40.625,72.3170731707317,48.20415879017013,30.287648054145517,48.984771573604064,49.407783417935704,12.195121951219512,81.353591160221
294,N Deonarine,92.61904761904762,38.0,,54.0,76.7578125,13.170731707317074,97.54253308128544,53.46869712351946,42.04737732656515,43.824027072758035,5.853658536585367,48.75690607734807
295,Nazmul Hossain Shanto,35.0,82.0,,0.0,50.78125,,50.0945179584121,62.605752961082906,19.4585448392555,69.54314720812182,,
296,AJ Strauss,10.952380952380953,43.0,,0.0,31.8359375,,37.051039697542535,52.28426395939086,19.4585448392555,77.49576988155668,,
297,F du Plessis,54.285714285714285,708.0,,8.0,53.7109375,99.7560975609756,74.29111531190927,94.75465313028765,19.4585448392555,89.5093062605753,99.02439024390245,
298,Syed Rasel,95.23809523809523,3.0,,83.0,80.859375,39.02439024390244,98.20415879017014,26.73434856175973,48.984771573604064,20.304568527918782,90.48780487804878,14.64088397790055
299,RV Uthappa,4.0476190476190474,102.0,,0.0,26.3671875,,38.18525519848771,68.52791878172589,19.4585448392555,66.66666666666666,,
300,PA Nixon,40.714285714285715,23.0,,0.0,41.9921875,,79.96219281663515,47.54653130287648,19.4585448392555,87.90186125211505,,
301,A Nel,,2.0,,47.0,,90.0,1.7013232514177694,6.768189509306261,48.984771573604064,6.768189509306261,89.51219512195122,79.69613259668509
302,Shoriful Islam,50.11904761904762,14.0,34.3042071197411,323.0,98.4375,16.585365853658537,31.001890359168243,32.82571912013537,86.12521150592217,18.274111675126903,30.975609756097562,43.92265193370166
303,RR Pant,65.47619047619048,698.0000000000001,,0.0,69.7265625,,70.69943289224952,93.57021996615906,19.4585448392555,79.18781725888326,,
304,Jahurul Islam,56.42857142857143,13.0,,0.0,57.91015625,,81.47448015122873,39.76311336717428,19.4585448392555,70.55837563451777,,
305,Parvez Rasool,,6.0,,24.0,9.08203125,66.34146341463415,34.12098298676749,24.703891708967852,42.04737732656515,40.35532994923858,18.902439024390244,19.88950276243094
306,UT Yadav,15.833333333333332,28.0,25.5663430420712,147.0,33.7890625,13.414634146341465,33.364839319470704,43.31641285956007,75.29610829103216,70.89678510998309,57.073170731707314,93.37016574585635
307,RJ Peterson,69.76190476190476,94.00000000000001,67.63754045307444,291.00000000000006,22.4609375,81.95121951219512,52.17391304347826,68.18950930626058,88.15566835871405,42.63959390862944,85.1219512195122,94.47513812154696
308,GJ Bailey,81.42857142857143,209.0,,0.0,77.9296875,,92.81663516068053,82.91032148900169,19.4585448392555,93.7394247038917,,
309,BA King,60.476190476190474,400.0,,0.0,75.1953125,,61.90926275992439,87.47884940778341,19.4585448392555,84.0947546531303,,
310,IK Pathan,26.190476190476193,112.00000000000001,29.126213592233007,300.00000000000006,42.96875,37.31707317073171,50.661625708884685,70.05076142131979,83.92554991539764,74.2808798646362,69.26829268292683,72.92817679558011
311,SM Curran,19.28571428571429,80.0,48.54368932038835,402.0,56.640625,48.536585365853654,55.3875236294896,65.9052453468697,86.12521150592217,47.03891708967851,27.31707317073171,16.298342541436465
312,FL Reifer,54.64285714285714,20.0,,0.0,76.171875,,58.79017013232514,43.31641285956007,19.4585448392555,78.42639593908629,,
313,MS Kasprowicz,,6.0,,42.0,9.08203125,61.09756097560975,15.122873345935728,20.21996615905245,62.944162436548226,32.14890016920474,28.17073170731707,95.99447513812154
314,EC Joyce,,4.0,,0.0,9.08203125,,8.601134215500945,15.143824027072759,19.4585448392555,24.196277495769884,,
315,A Nortje,,27.0,77.66990291262135,443.0,9.08203125,42.926829268292686,12.098298676748582,32.82571912013537,93.31641285956007,27.241962774957702,86.82926829268293,82.87292817679558
316,Yuvraj Singh,43.80952380952381,572.0000000000001,86.40776699029125,252.00000000000003,66.796875,83.65853658536585,63.89413988657845,92.89340101522842,85.36379018612521,61.25211505922166,44.146341463414636,59.66850828729282
317,E Leie,,0.0,,35.0,,56.82926829268292,,6.768189509306261,58.967851099830796,6.768189509306261,33.170731707317074,94.88950276243095
318,MJ Lumb,85.0,351.0,,0.0,90.8203125,,79.58412098298678,87.81725888324873,19.4585448392555,81.55668358714044,,
319,LRPL Taylor,40.95238095238095,1064.0000000000002,,0.0,48.828125,,68.62003780718337,96.95431472081218,19.4585448392555,90.18612521150592,,
320,JM Muirhead,,8.0,71.19741100323624,89.0,9.08203125,76.09756097560975,15.122873345935728,22.25042301184433,66.15905245346869,36.12521150592217,47.68292682926829,66.57458563535911
321,JE Root,40.0,596.0,,64.0,43.5546875,90.97560975609757,60.113421550094515,92.38578680203045,62.944162436548226,85.27918781725889,89.26829268292683,98.89502762430939
322,Mohammed Shami,,2.0,88.3495145631068,298.0,,65.3658536585366,1.7013232514177694,6.768189509306261,79.10321489001691,6.768189509306261,84.6341463414634,11.32596685082873
323,DL Maddy,73.09523809523809,71.0,88.9967637540453,17.0,65.4296875,33.90243902439025,82.04158790170132,65.31302876480541,54.73773265651438,90.43993231810491,51.09756097560976,99.86187845303867
324,VR Iyer,89.28571428571429,84.0,,37.0,85.15625,62.68292682926829,92.62759924385632,71.40439932318104,58.967851099830796,99.66159052453469,60.97560975609756,92.26519337016575
325,PD Collingwood,8.333333333333332,331.00000000000006,57.92880258899677,129.00000000000003,37.109375,89.75609756097562,30.812854442344044,87.30964467005076,74.36548223350253,54.314720812182735,72.6829268292683,67.95580110497238
326,AJ Hall,23.809523809523807,10.0,69.57928802588997,47.0,33.7890625,71.21951219512195,58.79017013232514,32.82571912013537,54.73773265651438,53.21489001692047,55.60975609756098,61.60220994475139
327,Tamim Iqbal,66.9047619047619,498.0,,0.0,70.703125,,74.48015122873346,89.17089678510999,19.4585448392555,74.45008460236888,,
328,CA Ingram,75.71428571428571,95.0,,0.0,75.5859375,,84.12098298676749,70.21996615905245,19.4585448392555,92.38578680203045,,
329,SA Abbott,35.714285714285715,17.0,24.59546925566343,72.0,54.1015625,18.29268292682927,83.1758034026465,39.08629441624365,42.04737732656515,25.380710659898476,34.8780487804878,3.591160220994475
330,D Pretorius,81.19047619047619,84.00000000000001,22.97734627831715,322.00000000000006,93.75,43.41463414634146,66.1625708884688,69.20473773265653,85.36379018612521,56.34517766497462,29.756097560975608,71.54696132596685
331,C de Grandhomme,0.7142857142857143,267.00000000000006,94.49838187702265,180.00000000000003,29.8828125,97.3170731707317,25.330812854442343,84.4331641285956,74.36548223350253,34.85617597292725,48.536585365853654,36.46408839779006
332,CT Bancroft,,0.0,,0.0,,,,6.768189509306261,19.4585448392555,6.768189509306261,,
333,JM Kemp,65.71428571428571,163.0,,0.0,76.3671875,,76.93761814744802,77.91878172588832,19.4585448392555,99.32318104906938,,
334,CJ Jordan,62.857142857142854,262.0,42.394822006472495,1308.0,67.96875,27.5609756097561,82.79773156899812,83.92554991539764,99.83079526226734,68.69712351945854,26.34146341463415,50.27624309392266
335,AM Ellis,,8.0,76.05177993527508,41.0,9.08203125,7.560975609756097,28.35538752362949,24.703891708967852,48.984771573604064,34.686971235194584,6.341463414634147,93.92265193370166
336,D Mongia,30.238095238095237,45.0,,0.0,64.0625,,35.06616257088847,51.52284263959391,19.4585448392555,92.89340101522842,,
337,Liton Das,58.57142857142858,578.0000000000001,,0.0,66.9921875,,67.86389413988658,91.87817258883248,19.4585448392555,83.92554991539764,,
338,MA Wood,13.333333333333334,13.0,93.85113268608414,414.0,18.9453125,55.1219512195122,46.502835538752365,32.82571912013537,91.79357021996616,16.751269035532996,87.5609756097561,79.00552486187846
339,DL Chahar,94.16666666666667,26.000000000000004,18.12297734627832,468.00000000000006,96.875,47.073170731707314,97.35349716446125,56.683587140439926,92.2165820642978,86.80203045685279,87.07317073170732,38.67403314917127
340,PP Chawla,,1.0,78.96440129449837,87.0,,76.58536585365854,1.7013232514177694,6.768189509306261,54.73773265651438,6.768189509306261,38.53658536585366,8.83977900552486
341,R Ravindra,36.30952380952381,56.0,,113.0,57.91015625,97.80487804878048,44.61247637051039,56.852791878172596,66.15905245346869,49.407783417935704,95.73170731707317,44.751381215469614
342,SM Pollock,37.857142857142854,72.0,37.54045307443366,216.0,53.3203125,94.8780487804878,82.6086956521739,63.28257191201354,80.71065989847716,90.69373942470389,98.53658536585365,32.59668508287293
343,J Theron,71.30952380952381,22.0,67.31391585760518,98.0,58.984375,53.65853658536586,86.67296786389413,48.646362098138745,62.944162436548226,32.82571912013537,16.82926829268293,12.98342541436464
344,LL Tsotsobe,,7.000000000000001,59.8705501618123,186.00000000000003,9.08203125,27.80487804878049,6.427221172022684,16.920473773265652,64.80541455160744,13.705583756345177,26.585365853658537,86.1878453038674
345,AJ Redmond,6.904761904761905,15.0,,0.0,35.546875,,55.860113421550096,38.49407783417936,19.4585448392555,66.07445008460236,,
346,TL Best,,0.0,10.032362459546926,55.0,,14.634146341463413,,6.768189509306261,54.73773265651438,6.768189509306261,57.80487804878048,73.75690607734806
347,SB Styris,74.28571428571429,269.00000000000006,61.165048543689316,141.00000000000003,55.46875,92.6829268292683,80.90737240075615,82.40270727580372,71.65820642978004,75.63451776649747,33.65853658536586,66.02209944751381
348,AR Nurse,68.33333333333333,75.00000000000001,29.61165048543689,203.00000000000003,68.359375,64.8780487804878,70.51039697542532,62.098138747884946,71.65820642978004,61.75972927241963,39.75609756097561,23.756906077348066
349,MS Panesar,,2.0,,24.0,9.08203125,28.17073170731707,15.122873345935728,15.143824027072759,48.984771573604064,24.196277495769884,28.17073170731707,81.353591160221
350,LA Pomersbach,93.33333333333333,7.0,,0.0,80.859375,,98.86578449905483,37.56345177664975,19.4585448392555,62.69035532994924,,
351,SE Findlay,39.285714285714285,31.0,,0.0,49.4140625,,52.55198487712666,48.646362098138745,19.4585448392555,66.07445008460236,,
352,R Powell,60.71428571428571,565.0000000000001,,23.000000000000004,74.609375,37.073170731707314,82.23062381852552,92.72419627749578,19.4585448392555,88.49407783417935,21.21951219512195,
353,SC Kuggeleijn,98.21428571428571,11.0,84.14239482200647,175.0,96.6796875,87.5609756097561,8.128544423440454,43.31641285956007,68.52791878172589,17.766497461928935,39.390243902439025,73.48066298342542
354,R Frylinck,,0.0,81.3915857605178,36.0,,82.3170731707317,,6.768189509306261,54.73773265651438,6.768189509306261,83.04878048780488,81.353591160221
355,MJ Clarke,7.380952380952381,363.00000000000006,30.74433656957929,113.00000000000001,30.2734375,37.5609756097561,44.045368620037806,84.26395939086294,60.998307952622675,87.30964467005076,20.243902439024392,58.28729281767956
356,VB van Jaarsveld,,23.0,,0.0,9.08203125,,21.928166351606805,37.56345177664975,19.4585448392555,40.35532994923858,,
357,GP Swann,74.04761904761905,55.00000000000001,58.252427184466015,491.00000000000006,67.7734375,84.39024390243902,58.034026465028354,58.71404399323181,92.97800338409475,67.68189509306261,38.048780487804876,38.39779005524862
358,B Laughlin,,0.0,22.006472491909385,21.0,,28.17073170731707,,6.768189509306261,42.04737732656515,6.768189509306261,80.1219512195122,35.773480662983424
359,JE Taylor,99.04761904761905,44.0,21.035598705501616,392.0,98.6328125,8.292682926829269,99.8109640831758,59.475465313028764,93.65482233502537,57.52961082910322,17.804878048780488,25.41436464088398
360,R Dravid,50.11904761904762,21.0,,0.0,64.35546875,,87.90170132325142,47.54653130287648,19.4585448392555,87.90186125211505,,
361,CJ McKay,36.30952380952381,16.0,14.886731391585762,112.0,25.0,17.317073170731707,28.92249527410208,34.940778341793575,58.967851099830796,42.13197969543147,20.73170731707317,18.23204419889503
362,JM How,22.61904761904762,68.0,,0.0,39.6484375,,44.61247637051039,57.61421319796954,19.4585448392555,57.021996615905245,,
363,PJ Ingram,13.333333333333334,36.0,,0.0,56.4453125,,19.848771266540645,43.31641285956007,19.4585448392555,53.21489001692047,,
364,DS Smith,66.42857142857143,170.0,,0.0,78.125,,72.77882797731569,77.91878172588832,19.4585448392555,91.20135363790186,,
365,CP Schofield,8.80952380952381,14.0,4.692556634304207,53.0,27.734375,50.48780487804878,55.860113421550096,37.56345177664975,48.984771573604064,62.69035532994924,55.60975609756098,15.05524861878453
366,AK Markram,59.04761904761905,321.0,,65.0,57.03125,85.36585365853658,72.49527410207939,86.29441624365482,42.04737732656515,95.09306260575296,17.073170731707318,48.75690607734807
367,DR Smith,72.85714285714285,411.0,35.275080906148865,134.0,84.375,40.487804878048784,57.84499054820416,88.66328257191202,70.47377326565145,62.098138747884946,10.487804878048781,71.27071823204419
368,SK Raina,69.52380952380952,820.0,3.2362459546925564,236.0,68.75,42.68292682926829,79.39508506616258,95.60067681895093,72.7580372250423,84.77157360406092,12.926829268292684,50.0
369,JP Faulkner,24.761904761904763,116.0,35.59870550161812,332.0,39.84375,33.65853658536586,62.19281663516069,72.165820642978,86.12521150592217,57.868020304568525,17.560975609756095,53.03867403314917
370,E Lewis,89.04761904761904,548.0000000000001,,0.0,95.8984375,,89.98109640831758,93.7394247038917,19.4585448392555,87.47884940778341,,
371,Arafat Sunny,,8.0,,41.0,9.08203125,76.82926829268293,27.977315689981097,26.73434856175973,54.73773265651438,42.38578680203046,83.04878048780488,72.37569060773481
372,M Markande,,0.0,92.88025889967638,24.0,,72.3170731707317,,6.768189509306261,19.4585448392555,6.768189509306261,18.902439024390244,
373,Nurul Hasan,33.57142857142857,179.0,,0.0,50.0,,67.29678638941398,77.15736040609137,19.4585448392555,76.31133671742809,,
374,B Kumar,,33.00000000000001,39.15857605177994,1228.0000000000002,9.08203125,70.73170731707317,18.525519848771268,39.25549915397631,99.32318104906938,36.71742808798646,90.2439024390244,40.055248618784525
375,D Wiese,20.476190476190474,67.0,97.41100323624595,289.0,36.71875,59.26829268292683,67.67485822306239,62.605752961082906,89.59390862944161,67.85109983079526,59.756097560975604,22.65193370165746
376,LH Ferguson,84.16666666666667,13.000000000000002,27.508090614886733,391.00000000000006,24.609375,47.80487804878049,89.22495274102079,41.62436548223351,91.45516074450084,44.50084602368866,75.1219512195122,43.370165745856355
377,R Ashwin,41.42857142857143,133.00000000000003,15.857605177993527,935.0000000000001,54.4921875,70.97560975609755,64.83931947069944,72.41962774957699,97.46192893401016,59.729272419627755,59.512195121951216,7.18232044198895
378,MJ Henry,,0.0,27.184466019417474,47.0,,20.0,,6.768189509306261,48.984771573604064,6.768189509306261,38.29268292682927,21.685082872928177
379,TL Seifert,25.0,405.0,,0.0,46.875,,37.24007561436673,88.83248730964468,19.4585448392555,59.56006768189509,,
380,MN van Wyk,77.85714285714286,163.0,,0.0,86.5234375,,79.77315689981096,79.35702199661591,19.4585448392555,94.07783417935703,,
381,JT Smuts,28.809523809523807,127.0,,64.0,45.1171875,13.658536585365855,51.03969754253308,71.74280879864637,19.4585448392555,58.37563451776649,7.804878048780488,
382,RS Bopara,65.23809523809524,428.00000000000006,51.45631067961165,235.00000000000003,58.7890625,77.5609756097561,88.468809073724,88.49407783417935,81.64128595600677,95.76988155668359,45.85365853658537,42.81767955801105
383,AM Rahane,6.666666666666667,165.0,,0.0,27.5390625,,57.27788279773157,76.81895093062606,19.4585448392555,82.57191201353638,,
384,Soumya Sarkar,77.14285714285715,492.0,89.96763754045307,135.0,75.390625,25.609756097560975,90.35916824196597,90.01692047377327,58.967851099830796,71.06598984771574,37.31707317073171,47.23756906077348
385,BJ Hodge,34.04761904761905,92.0,,17.0,42.1875,49.02439024390244,73.91304347826086,68.52791878172589,42.04737732656515,84.60236886632826,73.53658536585365,54.28176795580111
386,GC Smith,7.857142857142857,568.0,0.9708737864077669,21.0,38.8671875,1.4634146341463417,33.64839319470699,91.70896785109983,19.4585448392555,59.22165820642979,2.4390243902439024,
387,R Sharma,,0.0,64.40129449838187,43.0,,67.07317073170732,,6.768189509306261,62.944162436548226,6.768189509306261,77.07317073170732,95.30386740331491
388,AJ Turner,0.9523809523809524,79.0,97.73462783171522,42.0,26.7578125,93.65853658536587,20.226843100189036,55.922165820642974,42.04737732656515,49.91539763113367,89.8780487804878,5.801104972375691
389,T Shamsi,,17.000000000000004,32.362459546925564,722.0000000000001,9.08203125,51.21951219512195,40.64272211720227,29.780033840947546,96.7005076142132,34.179357021996616,38.78048780487805,70.71823204419888
390,DJ Mitchell,38.57142857142858,282.0,33.65695792880259,70.0,44.140625,6.829268292682928,82.41965973534971,85.27918781725889,66.15905245346869,71.2351945854484,40.731707317073166,65.4696132596685
391,HV Patel,76.19047619047619,60.0,50.161812297734635,387.0,85.3515625,40.0,72.49527410207939,61.59052453468698,90.77834179357022,63.28257191201354,53.90243902439025,63.53591160220995
392,JH Kallis,54.047619047619044,404.00000000000006,62.944983818770226,189.00000000000003,53.125,64.14634146341463,68.05293005671076,87.9864636209814,67.59729272419628,95.93908629441624,23.65853658536585,12.70718232044199
393,JN Gillespie,84.16666666666667,18.0,28.155339805825243,24.0,80.859375,10.24390243902439,78.92249527410208,44.923857868020306,42.04737732656515,81.89509306260575,12.195121951219512,19.88950276243094
394,FH Edwards,90.71428571428571,12.000000000000002,72.81553398058253,364.00000000000006,51.171875,57.3170731707317,4.3478260869565215,32.06429780033841,87.3942470389171,16.412859560067684,54.63414634146342,53.591160220994475
395,MK Pandey,29.523809523809526,328.0,,0.0,38.0859375,,69.56521739130434,85.6175972927242,19.4585448392555,99.83079526226734,,
396,SR Tendulkar,56.42857142857143,13.0,79.6116504854369,14.0,94.82421875,94.6341463414634,29.867674858223065,31.302876480541453,48.984771573604064,51.69204737732657,93.04878048780488,98.34254143646409
397,CD Barnwell,38.333333333333336,39.0,6.472491909385113,24.0,51.7578125,44.63414634146341,73.15689981096408,55.24534686971235,42.04737732656515,82.99492385786802,42.4390243902439,19.88950276243094
398,SNJ O'Keefe,,6.0,8.89967637540453,47.0,9.08203125,46.34146341463415,22.967863894139885,22.25042301184433,48.984771573604064,29.272419627749578,47.68292682926829,23.066298342541437
399,M Morkel,96.19047619047619,11.000000000000002,95.46925566343042,601.0000000000001,95.703125,23.902439024390244,94.5179584120983,35.6175972927242,95.93908629441624,38.07106598984771,69.02439024390243,4.696132596685083
400,AA Noffke,,0.0,71.84466019417476,45.0,,93.90243902439023,,6.768189509306261,62.944162436548226,6.768189509306261,40.243902439024396,30.386740331491712
401,TWM Latham,16.904761904761905,255.00000000000003,,0.0,35.15625,,57.088846880907376,81.21827411167513,19.4585448392555,97.29272419627749,,
402,AP Devcich,97.14285714285714,32.0,,17.0,93.359375,11.829268292682926,97.06994328922495,58.46023688663282,19.4585448392555,98.47715736040608,3.902439024390244,
403,AY Patel,,14.0,97.0873786407767,119.0,9.08203125,98.53658536585365,15.122873345935728,28.08798646362098,73.85786802030458,33.756345177664976,99.51219512195122,83.14917127071824
404,DJ Hussey,20.0,449.00000000000006,91.58576051779936,269.00000000000006,44.921875,80.97560975609757,54.06427221172023,89.00169204737732,81.64128595600677,76.81895093062606,68.53658536585367,47.51381215469613
405,PSP Handscomb,0.2380952380952381,33.0,,0.0,26.171875,,48.20415879017013,49.57698815566836,19.4585448392555,90.43993231810491,,
406,GB Hogg,14.523809523809526,39.0,,184.0,34.375,73.90243902439025,41.77693761814745,56.26057529610829,62.944162436548226,19.96615905245347,35.12195121951219,54.972375690607734
407,YA Abdulla,,0.0,,42.0,,88.04878048780488,,6.768189509306261,48.984771573604064,6.768189509306261,97.3170731707317,35.773480662983424
408,AL Phehlukwayo,60.952380952380956,76.00000000000001,0.6472491909385114,366.00000000000006,57.6171875,15.853658536585366,70.88846880907373,63.95939086294417,92.2165820642978,75.1269035532995,26.82926829268293,73.20441988950276
409,HM Amla,83.57142857142857,633.0,,0.0,72.0703125,,90.17013232514176,93.4010152284264,19.4585448392555,97.96954314720813,,
410,SE Rutherford,,6.0,,0.0,9.08203125,,9.640831758034027,17.93570219966159,19.4585448392555,29.272419627749578,,
411,GH Worker,56.42857142857143,26.0,,12.0,77.34375,34.756097560975604,56.805293005671075,46.192893401015226,42.04737732656515,85.10998307952623,42.4390243902439,81.353591160221
412,NJ Reardon,,8.0,,0.0,9.08203125,,15.122873345935728,22.25042301184433,19.4585448392555,36.12521150592217,,
413,SHA Rance,,0.0,71.19741100323624,24.0,,75.2439024390244,,6.768189509306261,54.73773265651438,6.768189509306261,42.4390243902439,96.68508287292818
414,SR Clark,,0.0,85.59870550161813,140.0,,78.53658536585367,,6.768189509306261,62.944162436548226,6.768189509306261,88.78048780487805,16.85082872928177
415,BC Fortuin,,1.0,30.74433656957929,66.0,,19.51219512195122,1.7013232514177694,6.768189509306261,54.73773265651438,6.768189509306261,10.0,70.44198895027624
416,P Awana,,0.0,16.50485436893204,35.0,,9.75609756097561,,6.768189509306261,19.4585448392555,6.768189509306261,15.121951219512194,
417,Abu Hider,80.71428571428572,19.0,37.54045307443366,111.0,93.5546875,19.024390243902438,67.10775047258979,44.41624365482234,48.984771573604064,75.80372250423012,52.4390243902439,2.7624309392265194
418,SJ Benn,28.333333333333332,34.00000000000001,25.24271844660194,358.00000000000006,91.6015625,38.29268292682927,26.46502835538752,48.05414551607445,80.03384094754654,16.58206429780034,12.682926829268293,1.1049723756906076
419,Ishan Kishan,67.61904761904762,364.0,,0.0,82.6171875,,65.02835538752363,86.80203045685279,19.4585448392555,84.94077834179356,,
420,Z Khan,50.11904761904762,10.0,84.78964401294499,250.0,69.3359375,86.58536585365853,74.66918714555766,34.940778341793575,76.73434856175973,21.31979695431472,96.34146341463415,44.19889502762431
421,XM Marshall,79.76190476190477,67.0,,0.0,24.0234375,,24.763705103969755,62.605752961082906,19.4585448392555,50.76142131979695,,
422,Nasir Hossain,32.857142857142854,106.00000000000001,30.74433656957929,72.00000000000001,20.8984375,77.8048780487805,10.58601134215501,71.2351945854484,56.93739424703892,17.59729272419628,29.268292682926827,59.11602209944752
423,K Rabada,2.619047619047619,108.0,51.7799352750809,924.0,28.125,62.926829268292686,28.544423440453688,67.17428087986464,98.13874788494078,56.17597292724196,85.36585365853658,7.458563535911603
424,MC Bascombe,,9.0,,0.0,9.08203125,,9.640831758034027,20.21996615905245,19.4585448392555,32.14890016920474,,
425,TK Curran,19.761904761904763,44.00000000000001,51.1326860841424,436.00000000000006,21.484375,9.268292682926829,27.599243856332706,53.80710659898477,91.0321489001692,20.812182741116754,9.024390243902438,39.77900552486188
426,J Botha,52.142857142857146,162.0,85.11326860841424,588.0,78.515625,81.21951219512195,65.97353497164461,76.31133671742809,94.07783417935703,57.69881556683587,64.39024390243902,28.176795580110497
427,MV Boucher,21.904761904761905,264.00000000000006,,0.0,20.5078125,,37.99621928166352,80.03384094754654,19.4585448392555,61.082910321489,,
428,SP Fleming,53.333333333333336,46.0,,0.0,82.8125,,39.50850661625709,57.10659898477157,19.4585448392555,47.377326565143825,,
429,EP Thompson,,1.0,,16.0,9.08203125,75.2439024390244,48.20415879017013,15.143824027072759,42.04737732656515,24.196277495769884,93.04878048780488,59.11602209944752
430,Fawad Ahmed,,5.0,75.08090614886731,46.0,9.08203125,41.829268292682926,19.092627599243855,20.21996615905245,54.73773265651438,32.14890016920474,13.658536585365855,62.430939226519335
431,RJW Topley,17.61904761904762,13.0,56.63430420711975,340.0,29.6875,51.707317073170735,52.93005671077504,34.940778341793575,80.71065989847716,52.79187817258884,63.65853658536585,24.03314917127072
432,DT Christian,60.238095238095234,90.00000000000001,57.28155339805825,235.00000000000003,58.3984375,45.85365853658537,73.53497164461248,69.37394247038917,81.64128595600677,77.32656514382403,52.926829268292686,62.70718232044199
433,JDS Neesham,51.66666666666667,286.0,40.77669902912621,250.0,53.515625,18.78048780487805,80.15122873345936,86.12521150592217,75.29610829103216,77.66497461928934,39.02439024390244,46.68508287292818
434,Navdeep Saini,84.16666666666667,10.0,89.64401294498381,145.0,88.671875,79.02439024390245,58.41209829867675,32.82571912013537,72.7580372250423,51.18443316412859,96.58536585365853,62.15469613259669
435,EJG Morgan,7.6190476190476195,1248.0,,0.0,44.53125,,25.51984877126654,98.81556683587141,19.4585448392555,63.62098138747885,,
436,AF Milne,45.23809523809524,28.0,23.948220064724918,387.0,99.4140625,58.78048780487804,38.9413988657845,48.646362098138745,82.48730964467005,35.025380710659896,82.1951219512195,46.96132596685083
437,CL Cairns,,14.0,49.51456310679612,48.0,9.08203125,90.48780487804878,7.9395085066162565,20.21996615905245,48.984771573604064,28.341793570219963,23.902439024390244,19.88950276243094
438,MW Parkinson,,6.0,30.74433656957929,70.0,,17.073170731707318,1.7013232514177694,6.768189509306261,66.15905245346869,6.768189509306261,13.170731707317074,9.392265193370166
439,SPD Smith,36.904761904761905,507.0,,144.0,46.484375,79.26829268292683,59.73534971644613,90.35532994923858,72.7580372250423,73.26565143824027,56.34146341463414,59.11602209944752
440,Mohammad Naim,29.04761904761905,456.0,,0.0,47.65625,,45.17958412098299,87.64805414551607,19.4585448392555,78.68020304568529,,
441,TM Dowlin,19.523809523809526,70.0,,0.0,37.6953125,,42.722117202268436,60.06768189509306,19.4585448392555,88.83248730964468,,
442,BCJ Cutting,67.14285714285714,24.0,,47.0,74.8046875,73.65853658536585,81.09640831758034,50.25380710659898,48.984771573604064,65.14382402707277,22.195121951219512,21.685082872928177
443,KMA Paul,14.285714285714285,131.0,3.559870550161812,334.0,40.0390625,14.390243902439023,31.379962192816635,73.43485617597293,86.12521150592217,74.11167512690355,23.170731707317074,11.878453038674033
444,Y Cariah,,4.0,,36.0,9.08203125,80.0,27.977315689981097,20.21996615905245,42.04737732656515,32.14890016920474,77.07317073170732,6.906077348066299
445,Elias Sunny,96.19047619047619,3.0,10.517799352750808,18.0,94.82421875,11.829268292682926,94.1398865784499,24.703891708967852,19.4585448392555,40.35532994923858,13.658536585365855,
446,LE Bosman,93.80952380952381,150.0,,0.0,24.4140625,,22.306238185255197,78.84940778341793,19.4585448392555,54.99153976311336,,
447,CR Brathwaite,2.380952380952381,184.00000000000003,21.68284789644013,483.00000000000006,39.2578125,35.853658536585364,22.117202268431,76.98815566835871,86.80203045685279,43.48561759729272,18.29268292682927,14.088397790055248
448,PM Nevill,94.16666666666667,10.0,,0.0,88.671875,,99.05482041587902,43.31641285956007,19.4585448392555,78.42639593908629,,
449,CS Baugh,23.809523809523807,12.0,,0.0,41.50390625,,32.89224952741021,31.302876480541453,19.4585448392555,35.19458544839256,,
450,AD Mascarenhas,5.0,94.0,,211.0,33.203125,95.1219512195122,34.78260869565217,67.93570219966159,73.85786802030458,59.89847715736041,89.02439024390245,3.0386740331491713
451,AG Prince,,6.0,,0.0,9.08203125,,34.12098298676749,24.703891708967852,19.4585448392555,40.35532994923858,,
452,RE van der Merwe,54.64285714285714,43.0,79.93527508090615,172.0,22.8515625,65.60975609756098,77.7882797731569,56.51438240270728,75.29610829103216,41.28595600676819,87.92682926829268,30.11049723756906
453,SO Hetmyer,55.714285714285715,502.00000000000006,,0.0,85.7421875,,60.68052930056711,89.84771573604061,19.4585448392555,72.41962774957699,,
454,RJ Kirtley,,4.0,,6.0,9.08203125,2.195121951219512,15.122873345935728,17.93570219966159,19.4585448392555,29.272419627749578,7.073170731707316,
455,KA Jamieson,90.71428571428571,28.0,15.53398058252427,131.0,84.1796875,17.804878048780488,87.42911153119093,52.70727580372251,58.967851099830796,71.40439932318104,32.6829268292683,0.8287292817679558
456,PJ Cummins,39.76190476190476,77.0,45.307443365695796,629.0,56.8359375,45.1219512195122,82.98676748582231,64.80541455160744,95.26226734348562,80.03384094754654,79.26829268292683,40.88397790055249
457,CR Woakes,97.85714285714285,29.000000000000004,42.71844660194174,238.00000000000003,93.1640625,50.0,99.62192816635161,55.668358714044,81.64128595600677,57.1912013536379,65.3658536585366,88.95027624309392
458,IDR Bradshaw,,0.0,8.89967637540453,21.0,,80.60975609756098,,6.768189509306261,19.4585448392555,6.768189509306261,80.1219512195122,
459,DM Richards,,1.0,,0.0,,,1.7013232514177694,6.768189509306261,19.4585448392555,6.768189509306261,,
460,AC Agar,12.380952380952381,191.0,62.13592233009708,566.0,42.3828125,85.60975609756098,41.02079395085066,76.6497461928934,94.83925549915398,50.08460236886633,76.34146341463415,41.16022099447514
461,DM Bravo,9.523809523809524,332.0,,0.0,32.03125,,39.69754253308129,82.74111675126903,19.4585448392555,81.7258883248731,,
462,HE van der Dussen,64.28571428571429,522.0,,0.0,79.4921875,,68.43100189035917,91.0321489001692,19.4585448392555,91.0321489001692,,
463,Nazimuddin,15.833333333333332,23.0,,0.0,80.859375,,17.01323251417769,33.92554991539763,19.4585448392555,36.12521150592217,,
464,JR Hazlewood,86.54761904761905,14.000000000000002,50.80906148867314,625.0000000000001,23.4375,29.756097560975608,53.497164461247635,41.62436548223351,96.7005076142132,27.580372250423014,70.97560975609755,50.552486187845304
465,D Ramdin,32.61904761904762,328.0,,0.0,32.8125,,88.65784499054821,85.10998307952623,19.4585448392555,52.96108291032149,,
466,AT Carey,28.57142857142857,159.0,,0.0,51.5625,,38.752362948960304,74.2808798646362,19.4585448392555,48.73096446700508,,
467,V Sehwag,75.23809523809524,191.00000000000003,,6.000000000000001,79.6875,1.097560975609756,83.5538752362949,80.5414551607445,19.4585448392555,64.12859560067682,1.097560975609756,
468,FH Allen,85.95238095238096,155.0,,0.0,88.28125,,91.30434782608695,80.8798646362098,19.4585448392555,72.7580372250423,,
469,GD Elliott,18.333333333333332,116.0,,90.0,31.25,91.21951219512195,57.46691871455577,69.79695431472082,62.944162436548226,65.48223350253807,74.14634146341463,55.80110497237569
470,JC Tredwell,95.23809523809523,15.0,,243.0,24.21875,79.75609756097562,20.604914933837428,44.923857868020306,66.15905245346869,30.118443316412858,64.8780487804878,4.972375690607735
471,F Behardien,70.71428571428572,343.00000000000006,,12.000000000000002,59.1796875,91.58536585365854,88.84688090737241,86.63282571912013,45.5160744500846,98.98477157360406,18.902439024390244,79.69613259668509
472,JL Pattinson,95.23809523809523,3.0,7.443365695792881,77.0,94.82421875,21.463414634146343,93.76181474480151,24.703891708967852,54.73773265651438,19.627749576988155,65.1219512195122,61.32596685082873
473,KJ Abbott,58.333333333333336,18.0,75.72815533980582,364.0,45.5078125,51.463414634146346,75.80340264650283,42.2165820642978,88.66328257191202,48.05414551607445,60.48780487804878,84.5303867403315
474,RR Emrit,,6.0,81.3915857605178,24.0,9.08203125,22.317073170731707,34.12098298676749,24.703891708967852,48.984771573604064,40.35532994923858,12.195121951219512,81.353591160221
475,PM Siddle,,1.0,,22.0,9.08203125,67.6829268292683,48.20415879017013,15.143824027072759,48.984771573604064,24.196277495769884,73.53658536585365,88.12154696132598
476,S Dhawan,45.95238095238095,1031.0,,0.0,21.6796875,,11.720226843100189,97.29272419627749,19.4585448392555,42.978003384094755,,
477,Washington Sundar,48.57142857142857,36.00000000000001,92.88025889967638,506.00000000000006,63.28125,14.146341463414632,5.671077504725898,54.145516074450086,85.36379018612521,20.642978003384094,20.48780487804878,74.30939226519338
478,AB Barath,17.61904761904762,22.0,,0.0,54.8828125,,24.007561436672965,37.56345177664975,19.4585448392555,62.69035532994924,,
479,DR Flynn,26.904761904761905,51.0,81.3915857605178,6.0,55.078125,82.3170731707317,62.38185255198487,58.46023688663282,19.4585448392555,75.97292724196278,42.4390243902439,
480,KOA Powell,8.80952380952381,14.0,,0.0,30.56640625,,36.01134215500945,33.92554991539763,19.4585448392555,55.752961082910325,,
481,Ariful Haque,8.095238095238095,57.0,,0.0,30.078125,,38.56332703213611,55.922165820642974,19.4585448392555,68.44331641285956,,
482,WA Young,40.476190476190474,162.0,,0.0,63.8671875,,51.60680529300568,74.95769881556683,19.4585448392555,80.71065989847716,,
483,NM Coulter-Nile,87.61904761904762,72.0,59.54692556634305,435.0,23.046875,33.170731707317074,18.336483931947072,63.70558375634518,92.63959390862944,44.16243654822335,60.24390243902439,90.05524861878453
484,SW Tait,,4.000000000000001,52.42718446601942,335.00000000000006,9.08203125,10.487804878048781,10.01890359168242,18.95093062605753,85.36379018612521,22.504230118443317,46.34146341463415,30.662983425414364
485,SM Davies,31.9047619047619,49.0,,0.0,37.5,,65.59546313799622,58.967851099830796,19.4585448392555,69.7123519458545,,
486,Taskin Ahmed,33.095238095238095,82.00000000000001,17.475728155339805,331.00000000000006,58.203125,26.097560975609756,44.234404536862,61.16751269035533,77.49576988155668,56.0067681895093,71.21951219512195,1.3812154696132597
487,LS Baker,,0.0,,48.0,,89.51219512195122,,6.768189509306261,48.984771573604064,6.768189509306261,51.09756097560976,68.78453038674033
488,RD Gaikwad,69.28571428571428,84.0,,0.0,87.109375,,65.40642722117202,65.9052453468697,19.4585448392555,67.51269035532995,,
489,BB McCullum,97.38095238095238,1077.0,,0.0,98.2421875,,99.24385633270322,97.96954314720813,19.4585448392555,91.70896785109983,,
490,C Green,96.9047619047619,73.0,4.692556634304207,89.0,98.046875,26.82926829268293,97.06994328922495,72.165820642978,54.73773265651438,79.01861252115059,66.34146341463415,12.430939226519337
491,R Rampaul,,12.0,59.22330097087378,368.0,9.08203125,78.78048780487805,10.775047258979207,22.25042301184433,83.50253807106598,30.62605752961083,57.3170731707317,15.469613259668508
492,J Louw,,2.0,60.19417475728155,42.0,9.08203125,50.73170731707317,15.122873345935728,15.143824027072759,48.984771573604064,17.089678510998308,74.8780487804878,81.353591160221
493,Farhad Reza,5.357142857142857,34.0,,17.0,52.1484375,9.024390243902438,24.007561436672965,44.41624365482234,19.4585448392555,54.82233502538071,4.7560975609756095,
494,Sabbir Rahman,63.095238095238095,326.00000000000006,,6.000000000000001,73.6328125,10.975609756097562,71.26654064272212,84.60236886632826,19.4585448392555,94.585448392555,42.4390243902439,
495,RR Sarwan,9.285714285714286,198.0,92.88025889967638,12.0,34.9609375,96.58536585365853,31.947069943289225,78.42639593908629,48.984771573604064,61.59052453468698,97.6829268292683,99.30939226519338
496,SA Yadav,92.14285714285714,587.0,,0.0,88.0859375,,96.40831758034027,95.34686971235195,19.4585448392555,96.27749576988155,,
497,Imrul Kayes,16.428571428571427,73.0,,0.0,45.8984375,,30.623818525519848,56.26057529610829,19.4585448392555,41.11675126903553,,
498,SR Patel,21.666666666666668,100.0,47.249190938511326,158.0,47.8515625,29.51219512195122,32.514177693761816,64.12859560067682,62.944162436548226,39.59390862944163,14.390243902439023,55.24861878453039
499,JEC Franklin,76.90476190476191,224.00000000000003,82.52427184466019,161.00000000000003,89.453125,82.92682926829268,67.48582230623819,81.7258883248731,77.49576988155668,53.46869712351946,71.46341463414633,95.58011049723757
500,PA Patel,55.47619047619048,33.0,,0.0,70.5078125,,57.655954631379956,50.676818950930624,19.4585448392555,70.55837563451777,,
501,KD Mills,44.047619047619044,86.0,28.802588996763756,456.0,19.3359375,59.756097560975604,49.9054820415879,67.93570219966159,88.66328257191202,14.382402707275805,49.51219512195122,26.795580110497237
502,BJ Watling,,2.0,,0.0,9.08203125,,15.122873345935728,15.143824027072759,19.4585448392555,24.196277495769884,,
503,LMP Simmons,51.90476190476191,809.0,,25.0,77.1484375,4.634146341463414,56.33270321361059,94.41624365482234,48.984771573604064,84.26395939086294,5.365853658536586,93.92265193370166
504,AT Rayudu,,9.0,,0.0,9.08203125,,4.914933837429111,20.21996615905245,19.4585448392555,18.527918781725887,,
505,HH Pandya,72.61904761904762,633.0,53.07443365695793,815.0,70.8984375,46.82926829268293,85.63327032136105,94.07783417935703,96.1082910321489,91.37055837563452,56.82926829268292,27.900552486187845
506,SG Borthwick,36.30952380952381,16.0,,24.0,61.62109375,98.29268292682927,37.61814744801512,36.29441624365482,42.04737732656515,60.575296108291035,93.04878048780488,19.88950276243094
507,RR Rossouw,82.14285714285714,435.0,,0.0,86.71875,,95.46313799621929,91.53976311336717,19.4585448392555,97.80033840947546,,
508,M Ntini,99.28571428571429,11.000000000000002,49.83818770226537,188.00000000000003,19.53125,16.34146341463415,12.854442344045369,32.06429780033841,69.4585448392555,22.673434856175973,9.75609756097561,83.70165745856355
509,MJ Swepson,9.761904761904763,25.0,,149.0,21.09375,4.390243902439024,97.73156899810964,48.646362098138745,75.29610829103216,33.079526226734345,10.975609756097562,74.58563535911603
510,JA Rudolph,,7.0,,0.0,9.08203125,,36.01134215500945,26.73434856175973,19.4585448392555,42.38578680203046,,
511,JR Philippe,23.809523809523807,130.0,,0.0,41.2109375,,55.009451795841215,72.58883248730965,19.4585448392555,60.236886632825716,,
512,B Lee,78.69047619047619,50.0,82.84789644012946,366.0,80.2734375,69.02439024390243,66.5406427221172,59.729272419627755,86.12521150592217,41.62436548223351,83.90243902439025,58.5635359116022
513,A Mishra,,0.0,58.57605177993528,154.0,,89.26829268292683,,6.768189509306261,78.00338409475465,6.768189509306261,59.26829268292683,32.87292817679558
514,T Henderson,,2.0,,24.0,,72.3170731707317,1.7013232514177694,6.768189509306261,19.4585448392555,6.768189509306261,93.04878048780488,
515,Mustafizur Rahman,90.0,64.0,70.55016181229773,762.0,68.1640625,52.926829268292686,98.48771266540642,50.676818950930624,97.63113367174282,48.56175972927242,31.70731707317073,63.25966850828729
516,RM Hira,84.76190476190476,34.0,,211.0,83.3984375,38.78048780487805,95.65217391304348,50.930626057529615,70.47377326565145,72.58883248730965,24.268292682926827,51.657458563535904
517,PJ van Biljon,26.666666666666668,29.0,,0.0,36.9140625,,55.860113421550096,47.54653130287648,19.4585448392555,64.3824027072758,,
518,Mohammad Ashraful,42.38095238095238,121.00000000000001,4.0453074433656955,72.00000000000001,57.2265625,88.29268292682927,46.12476370510397,75.1269035532995,60.998307952622675,77.15736040609137,11.707317073170733,29.005524861878452
519,MS Chapman,37.38095238095238,180.0,,18.0,60.3515625,91.58536585365854,41.209829867674856,78.1725888324873,42.04737732656515,49.06937394247039,24.878048780487806,48.75690607734807
520,Sohag Gazi,42.738095238095234,42.0,,119.0,19.7265625,63.41463414634146,16.824196597353495,51.52284263959391,48.984771573604064,35.53299492385787,10.731707317073171,45.58011049723757
521,Aminul Islam,42.738095238095234,15.0,,60.0,61.62109375,66.34146341463415,42.34404536862004,36.29441624365482,58.967851099830796,60.575296108291035,36.58536585365854,64.3646408839779
522,JS Foster,,21.0,,0.0,9.08203125,,43.383742911153114,41.20135363790186,19.4585448392555,44.67005076142132,,
523,TT Bresnan,70.47619047619048,153.00000000000003,32.68608414239482,461.00000000000006,52.34375,35.12195121951219,83.7429111531191,77.66497461928934,84.60236886632826,86.63282571912013,53.65853658536586,16.022099447513813
524,C Kieswetter,47.85714285714286,317.0,,0.0,75.9765625,,54.63137996219282,84.0947546531303,19.4585448392555,71.57360406091371,,
525,MP Vaughan,74.88095238095238,22.0,,0.0,66.40625,,62.57088846880907,45.854483925549914,19.4585448392555,82.06429780033841,,
526,Shafiul Islam,18.095238095238095,31.000000000000004,26.860841423948216,166.00000000000003,18.359375,30.24390243902439,21.361058601134218,43.9932318104907,69.4585448392555,34.51776649746193,34.390243902439025,65.19337016574586
527,K Pierre,78.69047619047619,22.0,28.155339805825243,120.0,24.8046875,24.634146341463413,17.296786389413988,38.49407783417936,62.944162436548226,43.9932318104907,30.121951219512194,35.773480662983424
528,T Bavuma,20.238095238095237,397.0,,0.0,53.90625,,31.758034026465026,87.1404399323181,19.4585448392555,50.25380710659898,,
529,JN Snape,,11.0,,6.0,9.08203125,11.829268292682926,21.550094517958414,28.08798646362098,19.4585448392555,45.769881556683586,1.097560975609756,
530,K Santokie,,0.0,83.81877022653723,176.0,,75.60975609756098,,6.768189509306261,79.10321489001691,6.768189509306261,81.95121951219512,77.90055248618785
531,TC Bruce,37.142857142857146,140.0,,0.0,46.6796875,,6.238185255198488,75.38071065989847,19.4585448392555,25.211505922165824,,
532,Nazmul Hossain,,15.0,,22.0,9.08203125,24.146341463414632,4.536862003780719,20.21996615905245,42.04737732656515,18.527918781725887,55.60975609756098,88.12154696132598
533,GD Phillips,87.85714285714286,487.00000000000006,,56.00000000000001,81.8359375,65.1219512195122,96.03024574669186,93.06260575296108,52.45346869712352,94.75465313028765,2.9268292682926833,17.67955801104972
534,B Stanlake,62.61904761904762,6.0,53.72168284789643,163.0,97.8515625,30.48780487804878,63.32703213610586,28.08798646362098,76.73434856175973,45.769881556683586,70.1219512195122,72.65193370165746
535,ADS Fletcher,38.80952380952381,540.0,,0.0,73.2421875,,53.68620037807184,89.59390862944161,19.4585448392555,69.20473773265653,,
536,DK Butler,,0.0,,17.0,,61.70731707317073,,6.768189509306261,19.4585448392555,6.768189509306261,87.92682926829268,
537,JWM Dalrymple,45.714285714285715,29.0,,6.0,49.4140625,11.829268292682926,58.79017013232514,48.646362098138745,19.4585448392555,89.17089678510999,42.4390243902439,
538,DJG Sammy,77.61904761904762,249.0,2.912621359223301,573.0,22.265625,6.341463414634147,20.793950850661624,83.58714043993231,94.331641285956,35.36379018612521,2.195121951219512,17.12707182320442
539,KW Richardson,48.80952380952381,17.000000000000004,26.21359223300971,398.00000000000006,19.140625,24.878048780487806,5.103969754253308,38.917089678511,87.3942470389171,20.473773265651438,75.60975609756098,31.215469613259668
540,AN Petersen,3.571428571428571,19.0,,0.0,28.90625,,27.22117202268431,36.29441624365482,19.4585448392555,45.769881556683586,,
541,RT Ponting,12.142857142857142,254.0,,0.0,36.5234375,,45.55765595463138,83.24873096446701,19.4585448392555,64.9746192893401,,
542,NW Bracken,,7.0,54.0453074433657,259.0,9.08203125,74.14634146341463,8.88468809073724,22.25042301184433,84.26395939086294,19.289340101522843,80.73170731707317,45.85635359116022
543,P Kumar,,16.0,81.3915857605178,132.0,9.08203125,30.73170731707317,7.183364839319471,28.08798646362098,66.15905245346869,15.905245346869712,37.80487804878049,23.480662983425415
544,TA Boult,31.428571428571427,30.0,73.7864077669903,792.0,48.4375,77.07317073170732,39.88657844990548,45.854483925549914,97.96954314720813,21.150592216582066,82.4390243902439,14.3646408839779
545,KR Mayers,76.66666666666667,297.0,,52.0,90.4296875,38.048780487804876,71.9281663516068,84.77157360406092,19.4585448392555,80.37225042301185,63.170731707317074,
546,IR Bell,59.76190476190476,131.0,,0.0,52.9296875,,79.20604914933837,74.78849407783417,19.4585448392555,90.86294416243655,,
547,MJ Guptill,59.523809523809526,1596.0000000000002,,6.000000000000001,67.3828125,18.536585365853657,68.80907372400756,99.66159052453469,19.4585448392555,79.86463620981388,93.04878048780488,
548,JM Bairstow,57.61904761904761,813.0,,0.0,62.6953125,,77.50472589792061,95.93908629441624,19.4585448392555,96.1082910321489,,
549,AJ Hosein,61.66666666666667,95.0,81.3915857605178,469.0,72.4609375,80.2439024390244,61.62570888468809,66.66666666666666,89.59390862944161,79.35702199661591,68.04878048780488,43.0939226519337
550,J Charles,21.19047619047619,504.00000000000006,,0.0,43.9453125,,50.85066162570888,90.52453468697124,19.4585448392555,69.88155668358715,,
551,NE Bonner,5.714285714285714,38.0,,12.0,29.4921875,44.63414634146341,26.18147448015123,45.854483925549914,19.4585448392555,78.1725888324873,18.902439024390244,
552,MM Patel,,1.0,69.25566343042071,59.0,,48.78048780487805,1.7013232514177694,6.768189509306261,58.967851099830796,6.768189509306261,77.07317073170732,67.12707182320442
553,RR Hendricks,75.95238095238095,558.0,,6.0,65.0390625,0.7317073170731708,85.82230623818525,91.37055837563452,19.4585448392555,93.4010152284264,7.073170731707316,
554,IJL Trott,35.476190476190474,87.0,,0.0,41.50390625,,59.92438563327032,64.3824027072758,19.4585448392555,93.23181049069373,,
555,T Stubbs,86.54761904761905,78.0,,6.0,87.5,1.097560975609756,94.89603024574669,71.91201353637902,19.4585448392555,78.00338409475465,1.097560975609756,
556,A Zampa,16.19047619047619,35.0,83.49514563106796,984.0,34.1796875,49.26829268292683,5.293005671077505,49.57698815566836,98.47715736040608,18.95093062605753,25.609756097560975,29.83425414364641
557,WKD Perkins,13.333333333333334,12.0,,0.0,40.625,,27.977315689981097,30.287648054145517,19.4585448392555,49.407783417935704,,
558,BV Sears,,0.0,,24.0,,66.34146341463415,,6.768189509306261,42.04737732656515,6.768189509306261,42.4390243902439,19.88950276243094
559,STR Binny,,0.0,,6.0,,0.24390243902439024,,6.768189509306261,19.4585448392555,6.768189509306261,1.097560975609756,
560,JP Inglis,71.30952380952381,33.0,,0.0,65.234375,,69.18714555765595,52.70727580372251,19.4585448392555,75.4653130287648,,
561,JW Hastings,3.571428571428571,19.0,13.268608414239482,100.0,28.90625,32.6829268292683,27.22117202268431,36.29441624365482,54.73773265651438,38.83248730964467,80.1219512195122,8.56353591160221
562,HJH Marshall,,14.0,,0.0,9.08203125,,10.207939508506616,33.92554991539763,19.4585448392555,26.56514382402707,,
563,Rony Talukdar,2.142857142857143,22.0,,0.0,28.90625,,43.383742911153114,42.2165820642978,19.4585448392555,76.48054145516075,,
564,M Kartik,,0.0,,22.0,,67.6829268292683,,6.768189509306261,19.4585448392555,6.768189509306261,15.121951219512194,
565,HH Gibbs,38.095238095238095,306.00000000000006,,0.0,55.2734375,,65.21739130434783,84.94077834179356,19.4585448392555,72.25042301184433,,
566,S Sreesanth,98.21428571428571,11.0,19.902912621359224,152.0,97.36328125,42.4390243902439,6.994328922495274,40.609137055837564,66.15905245346869,27.411167512690355,78.04878048780488,28.45303867403315
567,CE McConchie,23.809523809523807,30.0,1.9417475728155338,109.0,35.546875,87.07317073170732,55.860113421550096,48.646362098138745,68.52791878172589,66.07445008460236,93.04878048780488,61.87845303867403
568,TM Head,1.9047619047619049,99.0,,12.0,26.5625,6.097560975609756,40.45368620037807,67.59729272419628,19.4585448392555,61.92893401015228,7.073170731707316,
569,DA Warner,87.14285714285714,1296.0000000000002,,0.0,84.5703125,,88.09073724007561,99.15397631133672,19.4585448392555,91.53976311336717,,
570,JA Richardson,15.238095238095239,28.0,76.37540453074433,142.0,41.015625,46.58536585365854,55.19848771266541,46.954314720812185,58.967851099830796,53.80710659898477,56.58536585365853,22.099447513812155
571,Mominul Haque,27.380952380952383,26.0,,6.0,51.3671875,5.731707317073171,36.672967863894144,45.26226734348562,19.4585448392555,63.7901861252115,1.097560975609756,
572,M de Lange,,0.0,61.48867313915858,137.0,,25.121951219512194,,6.768189509306261,70.47377326565145,6.768189509306261,37.5609756097561,29.2817679558011
573,RA Reifer,,25.0,,0.0,9.08203125,,28.733459357277884,40.609137055837564,19.4585448392555,73.51945854483925,,
574,NO Miller,2.857142857142857,48.0,,165.0,27.34375,53.170731707317074,29.678638941398866,52.70727580372251,75.29610829103216,65.31302876480541,35.609756097560975,52.762430939226526
575,JP Behrendorff,,9.0,55.33980582524271,131.0,9.08203125,17.560975609756095,17.76937618147448,24.703891708967852,68.52791878172589,37.64805414551608,67.5609756097561,45.027624309392266
576,Shamim Hossain,0.4761904761904762,62.0,,6.0,27.1484375,98.04878048780488,24.007561436672965,53.13028764805414,19.4585448392555,45.769881556683586,42.4390243902439,
577,Mehrab Hossain jnr,3.571428571428571,27.0,88.9967637540453,17.0,33.0078125,81.46341463414633,17.580340264650285,38.49407783417936,19.4585448392555,50.592216582064296,88.29268292682927,
578,L Gregory,27.976190476190478,19.0,,23.0,61.62109375,69.6341463414634,59.35727788279773,42.2165820642978,42.04737732656515,45.769881556683586,51.09756097560976,26.10497237569061
579,DG Brownlie,,6.0,,0.0,9.08203125,,6.805293005671078,15.143824027072759,19.4585448392555,19.627749576988155,,
580,Rubel Hossain,78.69047619047619,28.000000000000004,49.19093851132686,348.00000000000006,18.1640625,3.414634146341464,13.42155009451796,41.62436548223351,90.27072758037224,31.302876480541453,4.390243902439024,75.13812154696133
581,RL Chase,17.142857142857142,69.0,36.407766990291265,79.0,44.3359375,90.73170731707317,34.593572778827976,57.10659898477157,66.15905245346869,49.746192893401016,71.95121951219512,84.11602209944752
582,MJ Mason,,2.0,,36.0,9.08203125,87.8048780487805,48.20415879017013,17.93570219966159,42.04737732656515,27.749576988155667,96.82926829268293,48.75690607734807
583,SSJ Brooks,32.38095238095238,157.0,,0.0,58.59375,,44.61247637051039,73.9424703891709,19.4585448392555,82.99492385786802,,
584,S Badrinath,42.023809523809526,38.0,,0.0,43.75,,60.49149338374291,53.299492385786806,19.4585448392555,94.9238578680203,,
585,M Zondeki,,1.0,4.0453074433656955,17.0,,3.902439024390244,1.7013232514177694,6.768189509306261,42.04737732656515,6.768189509306261,28.17073170731707,54.28176795580111
586,D Gough,,0.0,,17.0,,92.07317073170732,,6.768189509306261,54.73773265651438,6.768189509306261,99.7560975609756,99.86187845303867
587,UT Khawaja,80.95238095238095,131.0,,0.0,78.7109375,,80.52930056710775,76.14213197969542,19.4585448392555,86.46362098138748,,
588,L Ronchi,37.61904761904762,150.0,,0.0,40.234375,,6.61625708884688,78.68020304568529,19.4585448392555,28.08798646362098,,
589,MD Bates,,0.0,,17.0,,21.21951219512195,,6.768189509306261,19.4585448392555,6.768189509306261,28.17073170731707,
590,JO Holder,44.52380952380952,174.00000000000003,33.980582524271846,642.0000000000001,65.8203125,42.19512195121951,63.51606805293005,79.18781725888326,95.60067681895093,59.05245346869712,54.146341463414636,57.4585635359116
